date,location_key,new_confirmed,new_deceased,new_recovered,new_tested,cumulative_confirmed,cumulative_deceased,cumulative_recovered,cumulative_tested
2020-01-01,AT,0.0,0.0,,,0.0,0.0,,
2020-01-02,AT,0.0,0.0,,,0.0,0.0,,
2020-01-03,AT,0.0,0.0,,,0.0,0.0,,
2020-01-04,AT,0.0,0.0,,,0.0,0.0,,
2020-01-05,AT,0.0,0.0,,,0.0,0.0,,
2020-01-06,AT,0.0,0.0,,,0.0,0.0,,
2020-01-07,AT,0.0,0.0,,,0.0,0.0,,
2020-01-08,AT,0.0,0.0,,,0.0,0.0,,
2020-01-09,AT,0.0,0.0,,,0.0,0.0,,
2020-01-10,AT,0.0,0.0,,,0.0,0.0,,
2020-01-11,AT,0.0,0.0,,,0.0,0.0,,
2020-01-12,AT,0.0,0.0,,,0.0,0.0,,
2020-01-13,AT,0.0,0.0,,,0.0,0.0,,
2020-01-14,AT,0.0,0.0,,,0.0,0.0,,
2020-01-15,AT,0.0,0.0,,,0.0,0.0,,
2020-01-16,AT,0.0,0.0,,,0.0,0.0,,
2020-01-17,AT,0.0,0.0,,,0.0,0.0,,
2020-01-18,AT,0.0,0.0,,,0.0,0.0,,
2020-01-19,AT,0.0,0.0,,,0.0,0.0,,
2020-01-20,AT,0.0,0.0,,,0.0,0.0,,
2020-01-21,AT,0.0,0.0,,,0.0,0.0,,
2020-01-22,AT,0.0,0.0,,,0.0,0.0,,
2020-01-23,AT,0.0,0.0,,,0.0,0.0,,
2020-01-24,AT,0.0,0.0,,,0.0,0.0,,
2020-01-25,AT,0.0,0.0,,,0.0,0.0,,
2020-01-26,AT,0.0,0.0,,,0.0,0.0,,
2020-01-27,AT,0.0,0.0,,,0.0,0.0,,
2020-01-28,AT,0.0,0.0,,,0.0,0.0,,
2020-01-29,AT,0.0,0.0,,,0.0,0.0,,
2020-01-30,AT,0.0,0.0,,,0.0,0.0,,
2020-01-31,AT,0.0,0.0,,,0.0,0.0,,
2020-02-01,AT,0.0,0.0,,,0.0,0.0,,
2020-02-02,AT,0.0,0.0,,,0.0,0.0,,
2020-02-03,AT,0.0,0.0,,,0.0,0.0,,
2020-02-04,AT,0.0,0.0,,,0.0,0.0,,
2020-02-05,AT,0.0,0.0,,,0.0,0.0,,
2020-02-06,AT,0.0,0.0,,,0.0,0.0,,
2020-02-07,AT,0.0,0.0,,,0.0,0.0,,
2020-02-08,AT,0.0,0.0,,,0.0,0.0,,
2020-02-09,AT,0.0,0.0,,,0.0,0.0,,
2020-02-10,AT,0.0,0.0,,,0.0,0.0,,
2020-02-11,AT,0.0,0.0,,,0.0,0.0,,
2020-02-12,AT,0.0,0.0,,,0.0,0.0,,
2020-02-13,AT,0.0,0.0,,,0.0,0.0,,
2020-02-14,AT,0.0,0.0,,,0.0,0.0,,
2020-02-15,AT,0.0,0.0,,,0.0,0.0,,
2020-02-16,AT,0.0,0.0,,,0.0,0.0,,
2020-02-17,AT,0.0,0.0,,,0.0,0.0,,
2020-02-18,AT,0.0,0.0,,,0.0,0.0,,
2020-02-19,AT,0.0,0.0,,,0.0,0.0,,
2020-02-20,AT,0.0,0.0,,,0.0,0.0,,
2020-02-21,AT,0.0,0.0,,,0.0,0.0,,
2020-02-22,AT,0.0,0.0,,,0.0,0.0,,
2020-02-23,AT,0.0,0.0,,,0.0,0.0,,
2020-02-24,AT,1.0,0.0,,,1.0,0.0,,
2020-02-25,AT,0.0,0.0,,,1.0,0.0,,
2020-02-26,AT,1.0,0.0,0.0,,1.0,0.0,0.0,
2020-02-27,AT,2.0,0.0,0.0,,3.0,0.0,0.0,
2020-02-28,AT,4.0,0.0,0.0,,7.0,0.0,0.0,
2020-02-29,AT,1.0,0.0,0.0,,8.0,0.0,0.0,
2020-03-01,AT,4.0,0.0,0.0,,12.0,0.0,0.0,
2020-03-02,AT,5.0,0.0,0.0,,17.0,0.0,0.0,
2020-03-03,AT,6.0,0.0,0.0,,23.0,0.0,0.0,
2020-03-04,AT,14.0,0.0,0.0,,37.0,0.0,0.0,
2020-03-05,AT,9.0,0.0,2.0,,46.0,0.0,2.0,
2020-03-06,AT,29.0,0.0,0.0,,75.0,0.0,2.0,
2020-03-07,AT,23.0,0.0,0.0,,98.0,0.0,2.0,
2020-03-08,AT,28.0,0.0,0.0,,126.0,0.0,2.0,
2020-03-09,AT,22.0,0.0,0.0,,148.0,0.0,2.0,
2020-03-10,AT,55.0,0.0,1.0,,203.0,0.0,3.0,
2020-03-11,AT,109.0,0.0,1.0,,312.0,0.0,4.0,
2020-03-12,AT,97.0,1.0,3.0,,409.0,1.0,7.0,
2020-03-13,AT,182.0,0.0,0.0,,591.0,1.0,7.0,
2020-03-14,AT,210.0,1.0,3.0,,801.0,2.0,10.0,
2020-03-15,AT,198.0,1.0,4.0,,999.0,3.0,14.0,
2020-03-16,AT,226.0,2.0,12.0,,1225.0,5.0,26.0,
2020-03-17,AT,346.0,2.0,2.0,,1571.0,7.0,28.0,
2020-03-18,AT,372.0,5.0,2.0,,1943.0,12.0,30.0,
2020-03-19,AT,455.0,3.0,4.0,,2398.0,15.0,34.0,
2020-03-20,AT,509.0,5.0,10.0,,2907.0,20.0,44.0,
2020-03-21,AT,548.0,6.0,11.0,,3455.0,26.0,55.0,
2020-03-22,AT,618.0,8.0,18.0,,4073.0,34.0,73.0,
2020-03-23,AT,687.0,12.0,57.0,,4760.0,46.0,130.0,
2020-03-24,AT,723.0,10.0,91.0,,5483.0,56.0,221.0,
2020-03-25,AT,754.0,9.0,97.0,,6237.0,65.0,318.0,
2020-03-26,AT,1056.0,16.0,159.0,,7293.0,81.0,477.0,
2020-03-27,AT,807.0,20.0,221.0,,8100.0,101.0,698.0,
2020-03-28,AT,617.0,19.0,196.0,,8717.0,120.0,894.0,
2020-03-29,AT,547.0,14.0,251.0,,9264.0,134.0,1145.0,
2020-03-30,AT,673.0,21.0,368.0,,9937.0,155.0,1513.0,
2020-03-31,AT,550.0,19.0,373.0,,10487.0,174.0,1886.0,16834.0
2020-04-01,AT,548.0,11.0,342.0,75356.0,11035.0,185.0,2228.0,16834.0
2020-04-02,AT,438.0,20.0,381.0,75356.0,11473.0,205.0,2609.0,92190.0
2020-04-03,AT,411.0,18.0,470.0,6153.0,11884.0,223.0,3079.0,98343.0
2020-04-04,AT,253.0,20.0,531.0,5791.0,12137.0,243.0,3610.0,104134.0
2020-04-05,AT,183.0,22.0,341.0,4282.0,12320.0,265.0,3951.0,108416.0
2020-04-06,AT,306.0,31.0,716.0,2880.0,12626.0,296.0,4667.0,111296.0
2020-04-07,AT,289.0,29.0,519.0,3939.0,12915.0,325.0,5186.0,115235.0
2020-04-08,AT,290.0,17.0,605.0,5520.0,13205.0,342.0,5791.0,120755.0
2020-04-09,AT,276.0,22.0,596.0,5532.0,13481.0,364.0,6387.0,126287.0
2020-04-10,AT,357.0,23.0,633.0,8456.0,13838.0,387.0,7020.0,134743.0
2020-04-11,AT,203.0,17.0,401.0,6232.0,14041.0,404.0,7421.0,140975.0
2020-04-12,AT,111.0,12.0,312.0,3902.0,14152.0,416.0,7733.0,144877.0
2020-04-13,AT,87.0,21.0,305.0,3535.0,14239.0,437.0,8038.0,148412.0
2020-04-14,AT,150.0,13.0,553.0,3384.0,14389.0,450.0,8591.0,151796.0
2020-04-15,AT,129.0,16.0,485.0,5005.0,14518.0,466.0,9076.0,156801.0
2020-04-16,AT,112.0,23.0,448.0,6015.0,14630.0,489.0,9524.0,162816.0
2020-04-17,AT,99.0,13.0,412.0,6456.0,14729.0,502.0,9936.0,169272.0
2020-04-18,AT,60.0,18.0,254.0,6660.0,14789.0,520.0,10190.0,175932.0
2020-04-19,AT,47.0,17.0,161.0,3312.0,14836.0,537.0,10351.0,179244.0
2020-04-20,AT,68.0,9.0,386.0,3705.0,14904.0,546.0,10737.0,182949.0
2020-04-21,AT,70.0,18.0,429.0,6069.0,14974.0,564.0,11166.0,189018.0
2020-04-22,AT,73.0,12.0,255.0,12776.0,15047.0,576.0,11421.0,201794.0
2020-04-23,AT,60.0,8.0,242.0,4041.0,15107.0,584.0,11663.0,205835.0
2020-04-24,AT,79.0,8.0,247.0,6851.0,15186.0,592.0,11910.0,212686.0
2020-04-25,AT,62.0,14.0,139.0,8403.0,15248.0,606.0,12049.0,221089.0
2020-04-26,AT,35.0,9.0,108.0,6542.0,15283.0,615.0,12157.0,227631.0
2020-04-27,AT,70.0,6.0,194.0,4906.0,15353.0,621.0,12351.0,232537.0
2020-04-28,AT,49.0,14.0,161.0,7041.0,15402.0,635.0,12512.0,239578.0
2020-04-29,AT,61.0,7.0,168.0,8176.0,15463.0,642.0,12680.0,247754.0
2020-04-30,AT,54.0,7.0,197.0,8645.0,15517.0,649.0,12877.0,256399.0
2020-05-01,AT,37.0,4.0,111.0,7680.0,15554.0,653.0,12988.0,264079.0
2020-05-02,AT,28.0,4.0,79.0,5540.0,15582.0,657.0,13067.0,269619.0
2020-05-03,AT,12.0,9.0,57.0,4736.0,15594.0,666.0,13124.0,274355.0
2020-05-04,AT,30.0,4.0,146.0,4716.0,15624.0,670.0,13270.0,279071.0
2020-05-05,AT,54.0,3.0,120.0,6812.0,15678.0,673.0,13390.0,285883.0
2020-05-06,AT,46.0,7.0,114.0,6371.0,15724.0,680.0,13504.0,292254.0
2020-05-07,AT,40.0,3.0,111.0,5640.0,15764.0,683.0,13615.0,297894.0
2020-05-08,AT,49.0,5.0,160.0,6175.0,15813.0,688.0,13775.0,304069.0
2020-05-09,AT,30.0,7.0,69.0,7621.0,15843.0,695.0,13844.0,311690.0
2020-05-10,AT,15.0,3.0,53.0,4818.0,15858.0,698.0,13897.0,316508.0
2020-05-11,AT,65.0,3.0,89.0,2976.0,15923.0,701.0,13986.0,319484.0
2020-05-12,AT,38.0,1.0,85.0,9830.0,15961.0,702.0,14071.0,329314.0
2020-05-13,AT,52.0,3.0,73.0,6938.0,16013.0,705.0,14144.0,336252.0
2020-05-14,AT,54.0,4.0,70.0,8354.0,16067.0,709.0,14214.0,344606.0
2020-05-15,AT,81.0,0.0,70.0,6745.0,16148.0,709.0,14284.0,351351.0
2020-05-16,AT,15.0,1.0,53.0,6042.0,16163.0,710.0,14337.0,357393.0
2020-05-17,AT,26.0,2.0,25.0,5116.0,16189.0,712.0,14362.0,362509.0
2020-05-18,AT,58.0,4.0,48.0,3560.0,16247.0,716.0,14410.0,366069.0
2020-05-19,AT,61.0,1.0,69.0,6366.0,16308.0,717.0,14479.0,372435.0
2020-05-20,AT,30.0,4.0,48.0,7157.0,16338.0,721.0,14527.0,379592.0
2020-05-21,AT,31.0,3.0,51.0,6045.0,16369.0,724.0,14578.0,385637.0
2020-05-22,AT,28.0,4.0,48.0,4851.0,16397.0,728.0,14626.0,390488.0
2020-05-23,AT,24.0,1.0,46.0,5875.0,16421.0,729.0,14672.0,396363.0
2020-05-24,AT,31.0,1.0,37.0,5494.0,16452.0,730.0,14709.0,401857.0
2020-05-25,AT,25.0,2.0,55.0,3484.0,16477.0,732.0,14764.0,405341.0
2020-05-26,AT,22.0,4.0,84.0,5844.0,16499.0,736.0,14848.0,411185.0
2020-05-27,AT,50.0,1.0,73.0,7521.0,16549.0,737.0,14921.0,418706.0
2020-05-28,AT,19.0,2.0,77.0,8666.0,16568.0,739.0,14998.0,427372.0
2020-05-29,AT,42.0,2.0,56.0,6930.0,16610.0,741.0,15054.0,434302.0
2020-05-30,AT,32.0,0.0,31.0,7841.0,16642.0,741.0,15085.0,442143.0
2020-05-31,AT,5.0,4.0,32.0,6391.0,16647.0,745.0,15117.0,448534.0
2020-06-01,AT,19.0,1.0,32.0,3286.0,16666.0,746.0,15149.0,451820.0
2020-06-02,AT,16.0,3.0,67.0,4558.0,16682.0,749.0,15216.0,456378.0
2020-06-03,AT,53.0,3.0,36.0,6580.0,16735.0,752.0,15252.0,462958.0
2020-06-04,AT,17.0,4.0,47.0,8508.0,16752.0,756.0,15299.0,471466.0
2020-06-05,AT,67.0,2.0,33.0,7983.0,16819.0,758.0,15332.0,479449.0
2020-06-06,AT,31.0,1.0,24.0,6463.0,16850.0,759.0,15356.0,485912.0
2020-06-07,AT,25.0,1.0,27.0,3685.0,16875.0,760.0,15383.0,489597.0
2020-06-08,AT,24.0,3.0,53.0,5164.0,16899.0,763.0,15436.0,494761.0
2020-06-09,AT,15.0,2.0,29.0,6160.0,16914.0,765.0,15465.0,500921.0
2020-06-10,AT,34.0,2.0,35.0,5423.0,16948.0,767.0,15500.0,506344.0
2020-06-11,AT,22.0,1.0,29.0,3967.0,16970.0,768.0,15529.0,510311.0
2020-06-12,AT,37.0,2.0,27.0,6270.0,17007.0,770.0,15556.0,516581.0
2020-06-13,AT,22.0,1.0,26.0,4395.0,17029.0,771.0,15582.0,520976.0
2020-06-14,AT,18.0,5.0,17.0,3864.0,17047.0,776.0,15599.0,524840.0
2020-06-15,AT,53.0,6.0,32.0,2830.0,17100.0,782.0,15631.0,527670.0
2020-06-16,AT,19.0,3.0,23.0,5030.0,17119.0,785.0,15654.0,532700.0
2020-06-17,AT,31.0,1.0,37.0,7915.0,17150.0,786.0,15691.0,540615.0
2020-06-18,AT,32.0,0.0,32.0,5312.0,17182.0,786.0,15723.0,545927.0
2020-06-19,AT,52.0,2.0,34.0,6203.0,17234.0,788.0,15757.0,552130.0
2020-06-20,AT,32.0,3.0,35.0,6078.0,17266.0,791.0,15792.0,558208.0
2020-06-21,AT,29.0,2.0,13.0,2376.0,17295.0,793.0,15805.0,560584.0
2020-06-22,AT,31.0,3.0,38.0,5216.0,17326.0,796.0,15843.0,565800.0
2020-06-23,AT,43.0,2.0,34.0,6673.0,17369.0,798.0,15877.0,572473.0
2020-06-24,AT,35.0,4.0,22.0,6111.0,17404.0,802.0,15899.0,578584.0
2020-06-25,AT,44.0,2.0,33.0,5659.0,17448.0,804.0,15932.0,584243.0
2020-06-26,AT,74.0,1.0,23.0,6199.0,17522.0,805.0,15955.0,590442.0
2020-06-27,AT,45.0,3.0,30.0,7053.0,17567.0,808.0,15985.0,597495.0
2020-06-28,AT,62.0,2.0,22.0,5025.0,17629.0,810.0,16007.0,602520.0
2020-06-29,AT,49.0,1.0,34.0,3855.0,17678.0,811.0,16041.0,606375.0
2020-06-30,AT,101.0,0.0,30.0,6381.0,17779.0,811.0,16071.0,612756.0
2020-07-01,AT,95.0,1.0,32.0,8110.0,17874.0,812.0,16103.0,620866.0
2020-07-02,AT,80.0,3.0,42.0,7834.0,17954.0,815.0,16145.0,628700.0
2020-07-03,AT,134.0,1.0,46.0,6805.0,18088.0,816.0,16191.0,635505.0
2020-07-04,AT,106.0,3.0,22.0,7174.0,18194.0,819.0,16213.0,642679.0
2020-07-05,AT,76.0,0.0,28.0,5125.0,18270.0,819.0,16241.0,647804.0
2020-07-06,AT,68.0,1.0,38.0,6301.0,18338.0,820.0,16279.0,654105.0
2020-07-07,AT,91.0,0.0,46.0,6044.0,18429.0,820.0,16325.0,660149.0
2020-07-08,AT,118.0,0.0,46.0,8071.0,18547.0,820.0,16371.0,668220.0
2020-07-09,AT,72.0,1.0,51.0,7507.0,18619.0,821.0,16422.0,675727.0
2020-07-10,AT,105.0,0.0,59.0,7757.0,18724.0,821.0,16481.0,683484.0
2020-07-11,AT,90.0,3.0,55.0,8225.0,18814.0,824.0,16536.0,691709.0
2020-07-12,AT,52.0,2.0,45.0,5031.0,18866.0,826.0,16581.0,696740.0
2020-07-13,AT,99.0,2.0,84.0,3876.0,18965.0,828.0,16665.0,700616.0
2020-07-14,AT,123.0,1.0,113.0,7512.0,19088.0,829.0,16778.0,708128.0
2020-07-15,AT,129.0,1.0,80.0,8165.0,19217.0,830.0,16858.0,716293.0
2020-07-16,AT,141.0,1.0,111.0,10052.0,19358.0,831.0,16969.0,726345.0
2020-07-17,AT,124.0,0.0,137.0,8068.0,19482.0,831.0,17106.0,734413.0
2020-07-18,AT,81.0,0.0,61.0,8677.0,19563.0,831.0,17167.0,743090.0
2020-07-19,AT,87.0,5.0,54.0,5579.0,19650.0,836.0,17221.0,748669.0
2020-07-20,AT,90.0,3.0,102.0,49767.0,19740.0,839.0,17323.0,798436.0
2020-07-21,AT,137.0,0.0,130.0,7164.0,19877.0,839.0,17453.0,805600.0
2020-07-22,AT,162.0,1.0,91.0,9081.0,20039.0,840.0,17544.0,814681.0
2020-07-23,AT,117.0,2.0,90.0,11350.0,20156.0,842.0,17634.0,826031.0
2020-07-24,AT,153.0,0.0,101.0,7810.0,20309.0,842.0,17735.0,833841.0
2020-07-25,AT,112.0,2.0,86.0,7049.0,20421.0,844.0,17821.0,840890.0
2020-07-26,AT,101.0,0.0,61.0,7008.0,20522.0,844.0,17882.0,847898.0
2020-07-27,AT,96.0,3.0,158.0,5271.0,20618.0,847.0,18040.0,853169.0
2020-07-28,AT,153.0,0.0,144.0,8037.0,20771.0,847.0,18184.0,861206.0
2020-07-29,AT,102.0,1.0,115.0,9396.0,20873.0,848.0,18299.0,870602.0
2020-07-30,AT,190.0,4.0,120.0,9434.0,21063.0,852.0,18419.0,880036.0
2020-07-31,AT,123.0,4.0,131.0,10425.0,21186.0,856.0,18550.0,890461.0
2020-08-01,AT,62.0,3.0,98.0,7358.0,21248.0,859.0,18648.0,897819.0
2020-08-02,AT,70.0,2.0,93.0,7495.0,21318.0,861.0,18741.0,905314.0
2020-08-03,AT,93.0,2.0,182.0,5123.0,21411.0,863.0,18923.0,910437.0
2020-08-04,AT,83.0,0.0,159.0,6341.0,21494.0,863.0,19082.0,916778.0
2020-08-05,AT,159.0,1.0,152.0,7124.0,21653.0,864.0,19234.0,923902.0
2020-08-06,AT,119.0,2.0,123.0,13373.0,21772.0,866.0,19357.0,937275.0
2020-08-07,AT,90.0,4.0,137.0,10030.0,21862.0,870.0,19494.0,947305.0
2020-08-08,AT,104.0,2.0,91.0,7934.0,21966.0,872.0,19585.0,955239.0
2020-08-09,AT,72.0,1.0,68.0,6629.0,22038.0,873.0,19653.0,961868.0
2020-08-10,AT,158.0,0.0,139.0,3890.0,22196.0,873.0,19792.0,965758.0
2020-08-11,AT,187.0,2.0,97.0,8750.0,22383.0,875.0,19889.0,974508.0
2020-08-12,AT,190.0,2.0,133.0,8510.0,22573.0,877.0,20022.0,983018.0
2020-08-13,AT,251.0,3.0,96.0,8490.0,22824.0,880.0,20118.0,991508.0
2020-08-14,AT,349.0,1.0,109.0,11924.0,23173.0,881.0,20227.0,1003432.0
2020-08-15,AT,156.0,1.0,81.0,5922.0,23329.0,882.0,20308.0,1009354.0
2020-08-16,AT,169.0,1.0,76.0,9136.0,23498.0,883.0,20384.0,1018490.0
2020-08-17,AT,259.0,1.0,110.0,5577.0,23757.0,884.0,20494.0,1024067.0
2020-08-18,AT,252.0,2.0,142.0,13821.0,24009.0,886.0,20636.0,1037888.0
2020-08-19,AT,347.0,2.0,131.0,11283.0,24356.0,888.0,20767.0,1049171.0
2020-08-20,AT,331.0,1.0,143.0,12266.0,24687.0,889.0,20910.0,1061437.0
2020-08-21,AT,302.0,3.0,206.0,13972.0,24989.0,892.0,21116.0,1075409.0
2020-08-22,AT,229.0,2.0,146.0,11746.0,25218.0,894.0,21262.0,1087155.0
2020-08-23,AT,193.0,2.0,157.0,7832.0,25411.0,896.0,21419.0,1094987.0
2020-08-24,AT,243.0,5.0,201.0,6219.0,25654.0,901.0,21620.0,1101206.0
2020-08-25,AT,301.0,0.0,230.0,8883.0,25955.0,901.0,21850.0,1110089.0
2020-08-26,AT,320.0,0.0,224.0,9110.0,26275.0,901.0,22074.0,1119199.0
2020-08-27,AT,225.0,0.0,259.0,14044.0,26500.0,901.0,22333.0,1133243.0
2020-08-28,AT,395.0,1.0,338.0,14701.0,26895.0,902.0,22671.0,1147944.0
2020-08-29,AT,237.0,0.0,174.0,12799.0,27132.0,902.0,22845.0,1160743.0
2020-08-30,AT,224.0,0.0,208.0,11349.0,27356.0,902.0,23053.0,1172092.0
2020-08-31,AT,220.0,3.0,236.0,8619.0,27576.0,905.0,23289.0,1180711.0
2020-09-01,AT,286.0,2.0,220.0,12416.0,27862.0,907.0,23509.0,1193127.0
2020-09-02,AT,429.0,2.0,258.0,17441.0,28291.0,909.0,23767.0,1210568.0
2020-09-03,AT,366.0,1.0,316.0,11689.0,28657.0,910.0,24083.0,1222257.0
2020-09-04,AT,380.0,5.0,372.0,14232.0,29037.0,915.0,24455.0,1236489.0
2020-09-05,AT,217.0,1.0,221.0,11318.0,29254.0,916.0,24676.0,1247807.0
2020-09-06,AT,367.0,2.0,172.0,8018.0,29621.0,918.0,24848.0,1255825.0
2020-09-07,AT,396.0,0.0,317.0,10398.0,30017.0,918.0,25165.0,1266223.0
2020-09-08,AT,552.0,1.0,312.0,10254.0,30569.0,919.0,25477.0,1276477.0
2020-09-09,AT,692.0,1.0,260.0,11582.0,31261.0,920.0,25737.0,1288059.0
2020-09-10,AT,598.0,4.0,224.0,14971.0,31859.0,924.0,25961.0,1303030.0
2020-09-11,AT,930.0,4.0,375.0,13789.0,32789.0,928.0,26336.0,1316819.0
2020-09-12,AT,414.0,4.0,229.0,14674.0,33203.0,932.0,26565.0,1331493.0
2020-09-13,AT,414.0,1.0,256.0,10573.0,33617.0,933.0,26821.0,1342066.0
2020-09-14,AT,820.0,1.0,283.0,9342.0,34437.0,934.0,27104.0,1351408.0
2020-09-15,AT,723.0,1.0,365.0,13100.0,35160.0,935.0,27469.0,1364508.0
2020-09-16,AT,854.0,5.0,335.0,15331.0,36014.0,940.0,27804.0,1379839.0
2020-09-17,AT,806.0,5.0,412.0,15272.0,36820.0,945.0,28216.0,1395111.0
2020-09-18,AT,874.0,4.0,488.0,18854.0,37694.0,949.0,28704.0,1413965.0
2020-09-19,AT,667.0,3.0,344.0,18134.0,38361.0,952.0,29048.0,1432099.0
2020-09-20,AT,471.0,5.0,380.0,12584.0,38832.0,957.0,29428.0,1444683.0
2020-09-21,AT,582.0,4.0,676.0,13412.0,39414.0,961.0,30104.0,1458095.0
2020-09-22,AT,719.0,3.0,626.0,14552.0,40133.0,964.0,30730.0,1472647.0
2020-09-23,AT,804.0,5.0,650.0,16617.0,40937.0,969.0,31380.0,1489264.0
2020-09-24,AT,658.0,6.0,592.0,18518.0,41595.0,975.0,31972.0,1507782.0
2020-09-25,AT,762.0,5.0,856.0,20409.0,42357.0,980.0,32828.0,1528191.0
2020-09-26,AT,591.0,5.0,568.0,17443.0,42948.0,985.0,33396.0,1545634.0
2020-09-27,AT,546.0,6.0,428.0,9865.0,43494.0,991.0,33824.0,1555499.0
2020-09-28,AT,738.0,2.0,798.0,14493.0,44232.0,993.0,34622.0,1569992.0
2020-09-29,AT,759.0,6.0,741.0,16586.0,44991.0,999.0,35363.0,1586578.0
2020-09-30,AT,854.0,3.0,714.0,31409.0,45845.0,1002.0,36077.0,1617987.0
2020-10-01,AT,790.0,8.0,652.0,18586.0,46635.0,1010.0,36729.0,1636573.0
2020-10-02,AT,1014.0,6.0,852.0,21839.0,47649.0,1016.0,37581.0,1658412.0
2020-10-03,AT,719.0,5.0,578.0,15456.0,48368.0,1021.0,38159.0,1673868.0
2020-10-04,AT,738.0,10.0,433.0,12505.0,49106.0,1031.0,38592.0,1686373.0
2020-10-05,AT,927.0,10.0,583.0,11895.0,50033.0,1041.0,39175.0,1698268.0
2020-10-06,AT,1076.0,11.0,665.0,18237.0,51109.0,1052.0,39840.0,1716505.0
2020-10-07,AT,1274.0,8.0,725.0,18589.0,52383.0,1060.0,40565.0,1735094.0
2020-10-08,AT,1109.0,11.0,719.0,21762.0,53492.0,1071.0,41284.0,1756856.0
2020-10-09,AT,1260.0,9.0,772.0,18575.0,54752.0,1080.0,42056.0,1775431.0
2020-10-10,AT,1014.0,8.0,689.0,19956.0,55766.0,1088.0,42745.0,1795387.0
2020-10-11,AT,832.0,14.0,588.0,13876.0,56598.0,1102.0,43333.0,1809263.0
2020-10-12,AT,1141.0,10.0,847.0,13668.0,57739.0,1112.0,44180.0,1822931.0
2020-10-13,AT,1321.0,7.0,782.0,21708.0,59060.0,1119.0,44962.0,1844639.0
2020-10-14,AT,1436.0,8.0,872.0,17033.0,60496.0,1127.0,45834.0,1861672.0
2020-10-15,AT,1521.0,6.0,784.0,19813.0,62017.0,1133.0,46618.0,1881485.0
2020-10-16,AT,1795.0,10.0,1113.0,16119.0,63812.0,1143.0,47731.0,1897604.0
2020-10-17,AT,1485.0,16.0,828.0,25109.0,65297.0,1159.0,48559.0,1922713.0
2020-10-18,AT,1198.0,9.0,673.0,15315.0,66495.0,1168.0,49232.0,1938028.0
2020-10-19,AT,1647.0,15.0,1054.0,14550.0,68142.0,1183.0,50286.0,1952578.0
2020-10-20,AT,1978.0,13.0,1041.0,19469.0,70120.0,1196.0,51327.0,1972047.0
2020-10-21,AT,2654.0,20.0,868.0,21077.0,72774.0,1216.0,52195.0,1993124.0
2020-10-22,AT,3232.0,19.0,1018.0,25278.0,76006.0,1235.0,53213.0,2018402.0
2020-10-23,AT,3343.0,20.0,1216.0,28024.0,79349.0,1255.0,54429.0,2046426.0
2020-10-24,AT,2971.0,16.0,1030.0,24189.0,82320.0,1271.0,55459.0,2070615.0
2020-10-25,AT,2474.0,23.0,949.0,17744.0,84794.0,1294.0,56408.0,2088359.0
2020-10-26,AT,2781.0,26.0,1073.0,23216.0,87575.0,1320.0,57481.0,2111575.0
2020-10-27,AT,4373.0,31.0,1466.0,14112.0,91948.0,1351.0,58947.0,2125687.0
2020-10-28,AT,4468.0,35.0,1856.0,27379.0,96416.0,1386.0,60803.0,2153066.0
2020-10-29,AT,5047.0,43.0,1831.0,24506.0,101463.0,1429.0,62634.0,2177572.0
2020-10-30,AT,5716.0,41.0,2415.0,26421.0,107179.0,1470.0,65049.0,2203993.0
2020-10-31,AT,4790.0,52.0,2088.0,28742.0,111969.0,1522.0,67137.0,2232735.0
2020-11-01,AT,4476.0,33.0,1883.0,23316.0,116445.0,1555.0,69020.0,2256051.0
2020-11-02,AT,5190.0,41.0,2434.0,23450.0,121635.0,1596.0,71454.0,2279501.0
2020-11-03,AT,6364.0,56.0,2583.0,25881.0,127999.0,1652.0,74037.0,2305382.0
2020-11-04,AT,7111.0,65.0,2887.0,29433.0,135110.0,1717.0,76924.0,2334815.0
2020-11-05,AT,6953.0,61.0,2949.0,28133.0,142063.0,1778.0,79873.0,2362948.0
2020-11-06,AT,8090.0,46.0,4009.0,33067.0,150153.0,1824.0,83882.0,2396015.0
2020-11-07,AT,5324.0,75.0,3601.0,29810.0,155477.0,1899.0,87483.0,2425825.0
2020-11-08,AT,5744.0,55.0,3384.0,26867.0,161221.0,1954.0,90867.0,2452692.0
2020-11-09,AT,6246.0,80.0,4215.0,26376.0,167467.0,2034.0,95082.0,2479068.0
2020-11-10,AT,7437.0,72.0,4412.0,26540.0,174904.0,2106.0,99494.0,2505608.0
2020-11-11,AT,9172.0,91.0,4778.0,31571.0,184076.0,2197.0,104272.0,2537179.0
2020-11-12,AT,8258.0,99.0,5290.0,38226.0,192334.0,2296.0,109562.0,2575405.0
2020-11-13,AT,7016.0,99.0,6371.0,32328.0,199350.0,2395.0,115933.0,2607733.0
2020-11-14,AT,5095.0,96.0,6113.0,33067.0,204445.0,2491.0,122046.0,2640800.0
2020-11-15,AT,4613.0,85.0,5361.0,27080.0,209058.0,2576.0,127407.0,2667880.0
2020-11-16,AT,6074.0,104.0,6217.0,26232.0,215132.0,2680.0,133624.0,2694112.0
2020-11-17,AT,7522.0,105.0,6418.0,29050.0,222654.0,2785.0,140042.0,2723162.0
2020-11-18,AT,6434.0,94.0,6032.0,33128.0,229088.0,2879.0,146074.0,2756290.0
2020-11-19,AT,6605.0,117.0,6170.0,31316.0,235693.0,2996.0,152244.0,2787606.0
2020-11-20,AT,6466.0,127.0,7607.0,33190.0,242159.0,3123.0,159851.0,2820796.0
2020-11-21,AT,5151.0,118.0,6454.0,30808.0,247310.0,3241.0,166305.0,2851604.0
2020-11-22,AT,2437.0,105.0,5793.0,29831.0,249747.0,3346.0,172098.0,2881435.0
2020-11-23,AT,4609.0,122.0,6336.0,20422.0,254356.0,3468.0,178434.0,2901857.0
2020-11-24,AT,5740.0,105.0,6641.0,28070.0,260096.0,3573.0,185075.0,2929927.0
2020-11-25,AT,5389.0,123.0,5918.0,30569.0,265485.0,3696.0,190993.0,2960496.0
2020-11-26,AT,5018.0,120.0,5768.0,33318.0,270503.0,3816.0,196761.0,2993814.0
2020-11-27,AT,4236.0,130.0,6721.0,27048.0,274739.0,3946.0,203482.0,3020862.0
2020-11-28,AT,3737.0,136.0,5403.0,40205.0,278476.0,4082.0,208885.0,3061067.0
2020-11-29,AT,2390.0,121.0,5150.0,22197.0,280866.0,4203.0,214035.0,3083264.0
2020-11-30,AT,3373.0,135.0,5742.0,15054.0,284239.0,4338.0,219777.0,3098318.0
2020-12-01,AT,3937.0,144.0,5811.0,23192.0,288176.0,4482.0,225588.0,3121510.0
2020-12-02,AT,3568.0,137.0,5876.0,27862.0,291744.0,4619.0,231464.0,3149372.0
2020-12-03,AT,3655.0,145.0,5292.0,31294.0,295399.0,4764.0,236756.0,3180666.0
2020-12-04,AT,3591.0,139.0,5707.0,28674.0,298990.0,4903.0,242463.0,3209340.0
2020-12-05,AT,2865.0,123.0,4665.0,20053.0,301855.0,5026.0,247128.0,3229393.0
2020-12-06,AT,2067.0,106.0,3639.0,18118.0,303922.0,5132.0,250767.0,3247511.0
2020-12-07,AT,2512.0,132.0,4553.0,14577.0,306434.0,5264.0,255320.0,3262088.0
2020-12-08,AT,2631.0,117.0,4341.0,19643.0,309065.0,5381.0,259661.0,3281731.0
2020-12-09,AT,2480.0,133.0,3873.0,20351.0,311545.0,5514.0,263534.0,3302082.0
2020-12-10,AT,3090.0,122.0,4007.0,27915.0,314635.0,5636.0,267541.0,3329997.0
2020-12-11,AT,2835.0,138.0,3800.0,25394.0,317470.0,5774.0,271341.0,3355391.0
2020-12-12,AT,2637.0,105.0,3297.0,30917.0,320107.0,5879.0,274638.0,3386308.0
2020-12-13,AT,2506.0,104.0,2724.0,21202.0,322613.0,5983.0,277362.0,3407510.0
2020-12-14,AT,2741.0,118.0,3224.0,17562.0,325354.0,6101.0,280586.0,3425072.0
2020-12-15,AT,2758.0,97.0,3748.0,21037.0,328112.0,6198.0,284334.0,3446109.0
2020-12-16,AT,2389.0,105.0,3077.0,28747.0,330501.0,6303.0,287411.0,3474856.0
2020-12-17,AT,1949.0,108.0,3017.0,28216.0,332450.0,6411.0,290428.0,3503072.0
2020-12-18,AT,2151.0,95.0,2905.0,31414.0,334601.0,6506.0,293333.0,3534486.0
2020-12-19,AT,1504.0,95.0,2441.0,33800.0,336105.0,6601.0,295774.0,3568286.0
2020-12-20,AT,1353.0,91.0,2532.0,24990.0,337458.0,6692.0,298306.0,3593276.0
2020-12-21,AT,2096.0,89.0,2908.0,20957.0,339554.0,6781.0,301214.0,3614233.0
2020-12-22,AT,2541.0,114.0,3208.0,29463.0,342095.0,6895.0,304422.0,3643696.0
2020-12-23,AT,2843.0,99.0,3115.0,38440.0,344938.0,6994.0,307537.0,3682136.0
2020-12-24,AT,1802.0,86.0,2584.0,29151.0,346740.0,7080.0,310121.0,3711287.0
2020-12-25,AT,1283.0,70.0,2258.0,21616.0,348023.0,7150.0,312379.0,3732903.0
2020-12-26,AT,1157.0,94.0,1912.0,14425.0,349180.0,7244.0,314291.0,3747328.0
2020-12-27,AT,1696.0,64.0,1926.0,9909.0,350876.0,7308.0,316217.0,3757237.0
2020-12-28,AT,2107.0,89.0,2002.0,21246.0,352983.0,7397.0,318219.0,3778483.0
2020-12-29,AT,2964.0,83.0,2057.0,15563.0,355947.0,7480.0,320276.0,3794046.0
2020-12-30,AT,2702.0,78.0,2134.0,16085.0,358649.0,7558.0,322410.0,3810131.0
2020-12-31,AT,2001.0,73.0,2055.0,26789.0,360650.0,7631.0,324465.0,3836920.0
2021-01-01,AT,1585.0,69.0,2346.0,20462.0,362235.0,7700.0,326811.0,3857382.0
2021-01-02,AT,1632.0,69.0,2238.0,0.0,363867.0,7769.0,329049.0,3857382.0
2021-01-03,AT,1885.0,57.0,1944.0,-76893.0,365752.0,7826.0,330993.0,3780489.0
2021-01-04,AT,2286.0,75.0,2037.0,12601.0,368038.0,7901.0,333030.0,3793090.0
2021-01-05,AT,2950.0,61.0,2150.0,15450.0,370988.0,7962.0,335180.0,3808540.0
2021-01-06,AT,2082.0,69.0,1833.0,22630.0,373070.0,8031.0,337013.0,3831170.0
2021-01-07,AT,1985.0,71.0,2247.0,16752.0,375055.0,8102.0,339260.0,3847922.0
2021-01-08,AT,2286.0,52.0,2562.0,23605.0,377341.0,8154.0,341822.0,3871527.0
2021-01-09,AT,1540.0,49.0,2070.0,19780.0,378881.0,8203.0,343892.0,3891307.0
2021-01-10,AT,1386.0,60.0,1868.0,14175.0,380267.0,8263.0,345760.0,3905482.0
2021-01-11,AT,1687.0,69.0,2236.0,14089.0,381954.0,8332.0,347996.0,3919571.0
2021-01-12,AT,2138.0,72.0,2009.0,2945871.0,384092.0,8404.0,350005.0,6865442.0
2021-01-13,AT,1646.0,64.0,2104.0,124267.0,385738.0,8468.0,352109.0,6989709.0
2021-01-14,AT,1531.0,61.0,2029.0,390264.0,387269.0,8529.0,354138.0,7379973.0
2021-01-15,AT,1543.0,63.0,2200.0,79635.0,388812.0,8592.0,356338.0,7459608.0
2021-01-16,AT,1317.0,70.0,1799.0,79124.0,390129.0,8662.0,358137.0,7538732.0
2021-01-17,AT,1008.0,51.0,1673.0,52039.0,391137.0,8713.0,359810.0,7590771.0
2021-01-18,AT,1614.0,65.0,1883.0,106991.0,392751.0,8778.0,361693.0,7697762.0
2021-01-19,AT,1647.0,57.0,1830.0,180970.0,394398.0,8835.0,363523.0,7878732.0
2021-01-20,AT,1733.0,44.0,1604.0,610150.0,396131.0,8879.0,365127.0,8488882.0
2021-01-21,AT,1777.0,64.0,1561.0,46353.0,397908.0,8943.0,366688.0,8535235.0
2021-01-22,AT,1433.0,50.0,1707.0,58656.0,399341.0,8993.0,368395.0,8593891.0
2021-01-23,AT,1256.0,70.0,1388.0,89237.0,400597.0,9063.0,369783.0,8683128.0
2021-01-24,AT,938.0,50.0,1286.0,51994.0,401535.0,9113.0,371069.0,8735122.0
2021-01-25,AT,1411.0,52.0,1561.0,67705.0,402946.0,9165.0,372630.0,8802827.0
2021-01-26,AT,1567.0,58.0,1517.0,103256.0,404513.0,9223.0,374147.0,8906083.0
2021-01-27,AT,1459.0,51.0,1450.0,91061.0,405972.0,9274.0,375597.0,8997144.0
2021-01-28,AT,1408.0,50.0,1577.0,92444.0,407380.0,9324.0,377174.0,9089588.0
2021-01-29,AT,1476.0,56.0,1686.0,71028.0,408856.0,9380.0,378860.0,9160616.0
2021-01-30,AT,1089.0,45.0,1515.0,125459.0,409945.0,9425.0,380375.0,9286075.0
2021-01-31,AT,1130.0,57.0,1393.0,69704.0,411075.0,9482.0,381768.0,9355779.0
2021-02-01,AT,1211.0,51.0,1501.0,126053.0,412286.0,9533.0,383269.0,9481832.0
2021-02-02,AT,1627.0,58.0,1482.0,81397.0,413913.0,9591.0,384751.0,9563229.0
2021-02-03,AT,1507.0,36.0,1268.0,181897.0,415420.0,9627.0,386019.0,9745126.0
2021-02-04,AT,1261.0,38.0,1357.0,108302.0,416681.0,9665.0,387376.0,9853428.0
2021-02-05,AT,1357.0,36.0,1526.0,87206.0,418038.0,9701.0,388902.0,9940634.0
2021-02-06,AT,1145.0,39.0,1325.0,159889.0,419183.0,9740.0,390227.0,10100523.0
2021-02-07,AT,993.0,40.0,1052.0,212647.0,420176.0,9780.0,391279.0,10313170.0
2021-02-08,AT,1221.0,37.0,1315.0,128988.0,421397.0,9817.0,392594.0,10442158.0
2021-02-09,AT,1453.0,40.0,1237.0,310611.0,422850.0,9857.0,393831.0,10752769.0
2021-02-10,AT,1651.0,41.0,1336.0,221201.0,424501.0,9898.0,395167.0,10973970.0
2021-02-11,AT,1552.0,37.0,1402.0,231481.0,426053.0,9935.0,396569.0,11205451.0
2021-02-12,AT,1258.0,34.0,1394.0,203715.0,427311.0,9969.0,397963.0,11409166.0
2021-02-13,AT,1162.0,35.0,1329.0,214321.0,428473.0,10004.0,399292.0,11623487.0
2021-02-14,AT,1166.0,30.0,1105.0,139545.0,429639.0,10034.0,400397.0,11763032.0
2021-02-15,AT,1483.0,34.0,1294.0,157018.0,431122.0,10068.0,401691.0,11920050.0
2021-02-16,AT,1641.0,28.0,1306.0,291200.0,432763.0,10096.0,402997.0,12211250.0
2021-02-17,AT,1882.0,38.0,1246.0,206359.0,434645.0,10134.0,404243.0,12417609.0
2021-02-18,AT,1688.0,30.0,1245.0,274347.0,436333.0,10164.0,405488.0,12691956.0
2021-02-19,AT,2083.0,23.0,1473.0,200765.0,438416.0,10187.0,406961.0,12892721.0
2021-02-20,AT,1643.0,34.0,1321.0,236088.0,440059.0,10221.0,408282.0,13128809.0
2021-02-21,AT,1217.0,32.0,1232.0,198975.0,441276.0,10253.0,409514.0,13327784.0
2021-02-22,AT,1877.0,36.0,1207.0,93176.0,443153.0,10289.0,410721.0,13420960.0
2021-02-23,AT,1951.0,36.0,1255.0,258396.0,445104.0,10325.0,411976.0,13679356.0
2021-02-24,AT,2437.0,35.0,1241.0,261319.0,447541.0,10360.0,413217.0,13940675.0
2021-02-25,AT,1875.0,28.0,1219.0,268901.0,449416.0,10388.0,414436.0,14209576.0
2021-02-26,AT,2484.0,25.0,1492.0,223250.0,451900.0,10413.0,415928.0,14432826.0
2021-02-27,AT,2211.0,32.0,1523.0,318941.0,454111.0,10445.0,417451.0,14751767.0
2021-02-28,AT,1397.0,32.0,1332.0,156014.0,455508.0,10477.0,418783.0,14907781.0
2021-03-01,AT,2169.0,22.0,1575.0,95564.0,457677.0,10499.0,420358.0,15003345.0
2021-03-02,AT,2439.0,30.0,1518.0,354794.0,460116.0,10529.0,421876.0,15358139.0
2021-03-03,AT,2383.0,27.0,1590.0,244731.0,462499.0,10556.0,423466.0,15602870.0
2021-03-04,AT,2342.0,24.0,1757.0,261250.0,464841.0,10580.0,425223.0,15864120.0
2021-03-05,AT,2744.0,30.0,2015.0,259495.0,467585.0,10610.0,427238.0,16123615.0
2021-03-06,AT,2238.0,34.0,1707.0,250673.0,469823.0,10644.0,428945.0,16374288.0
2021-03-07,AT,1944.0,23.0,1631.0,158844.0,471767.0,10667.0,430576.0,16533132.0
2021-03-08,AT,2504.0,24.0,1794.0,122080.0,474271.0,10691.0,432370.0,16655212.0
2021-03-09,AT,2395.0,32.0,1868.0,395907.0,476666.0,10723.0,434238.0,17051119.0
2021-03-10,AT,2856.0,30.0,1767.0,278184.0,479522.0,10753.0,436005.0,17329303.0
2021-03-11,AT,3041.0,34.0,1629.0,219654.0,482563.0,10787.0,437634.0,17548957.0
2021-03-12,AT,3007.0,32.0,2129.0,357890.0,485570.0,10819.0,439763.0,17906847.0
2021-03-13,AT,2525.0,33.0,1989.0,271761.0,488095.0,10852.0,441752.0,18178608.0
2021-03-14,AT,1904.0,30.0,1777.0,167435.0,489999.0,10882.0,443529.0,18346043.0
2021-03-15,AT,2746.0,35.0,2004.0,139103.0,492745.0,10917.0,445533.0,18485146.0
2021-03-16,AT,2855.0,33.0,2051.0,355721.0,495600.0,10950.0,447584.0,18840867.0
2021-03-17,AT,3510.0,39.0,2073.0,436660.0,499110.0,10989.0,449657.0,19277527.0
2021-03-18,AT,3209.0,30.0,2009.0,298583.0,502319.0,11019.0,451666.0,19576110.0
2021-03-19,AT,3639.0,43.0,2741.0,269448.0,505958.0,11062.0,454407.0,19845558.0
2021-03-20,AT,2687.0,30.0,2255.0,278034.0,508645.0,11092.0,456662.0,20123592.0
2021-03-21,AT,2431.0,36.0,1683.0,192964.0,511076.0,11128.0,458345.0,20316556.0
2021-03-22,AT,3010.0,38.0,2146.0,159929.0,514086.0,11166.0,460491.0,20476485.0
2021-03-23,AT,3525.0,22.0,2333.0,369807.0,517611.0,11188.0,462824.0,20846292.0
2021-03-24,AT,3428.0,28.0,2280.0,300842.0,521039.0,11216.0,465104.0,21147134.0
2021-03-25,AT,3199.0,37.0,2391.0,418328.0,524238.0,11253.0,467495.0,21565462.0
2021-03-26,AT,3284.0,28.0,2589.0,485632.0,527522.0,11281.0,470084.0,22051094.0
2021-03-27,AT,2642.0,29.0,2781.0,143342.0,530164.0,11310.0,472865.0,22194436.0
2021-03-28,AT,3231.0,34.0,2438.0,261036.0,533395.0,11344.0,475303.0,22455472.0
2021-03-29,AT,2782.0,37.0,2790.0,154788.0,536177.0,11381.0,478093.0,22610260.0
2021-03-30,AT,3117.0,33.0,2492.0,483046.0,539294.0,11414.0,480585.0,23093306.0
2021-03-31,AT,3378.0,38.0,2745.0,358215.0,542672.0,11452.0,483330.0,23451521.0
2021-04-01,AT,3076.0,36.0,2992.0,353719.0,545748.0,11488.0,486322.0,23805240.0
2021-04-02,AT,3294.0,42.0,3026.0,281183.0,549042.0,11530.0,489348.0,24086423.0
2021-04-03,AT,2813.0,38.0,2900.0,316492.0,551855.0,11568.0,492248.0,24402915.0
2021-04-04,AT,2327.0,47.0,2742.0,244556.0,554182.0,11615.0,494990.0,24647471.0
2021-04-05,AT,2006.0,32.0,3182.0,132334.0,556188.0,11647.0,498172.0,24779805.0
2021-04-06,AT,2834.0,25.0,3537.0,219544.0,559022.0,11672.0,501709.0,24999349.0
2021-04-07,AT,2850.0,50.0,3177.0,516648.0,561872.0,11722.0,504886.0,25515997.0
2021-04-08,AT,2483.0,36.0,3304.0,352501.0,564355.0,11758.0,508190.0,25868498.0
2021-04-09,AT,3443.0,36.0,3313.0,293340.0,567798.0,11794.0,511503.0,26161838.0
2021-04-10,AT,1961.0,34.0,3006.0,316396.0,569759.0,11828.0,514509.0,26478234.0
2021-04-11,AT,2053.0,39.0,2735.0,200841.0,571812.0,11867.0,517244.0,26679075.0
2021-04-12,AT,2223.0,35.0,3036.0,169508.0,574035.0,11902.0,520280.0,26848583.0
2021-04-13,AT,3161.0,33.0,3131.0,349278.0,577196.0,11935.0,523411.0,27197861.0
2021-04-14,AT,2716.0,40.0,3015.0,505277.0,579912.0,11975.0,526426.0,27703138.0
2021-04-15,AT,2333.0,33.0,2744.0,308943.0,582245.0,12008.0,529170.0,28012081.0
2021-04-16,AT,2350.0,34.0,3017.0,286539.0,584595.0,12042.0,532187.0,28298620.0
2021-04-17,AT,2030.0,39.0,2612.0,317349.0,586625.0,12081.0,534799.0,28615969.0
2021-04-18,AT,2009.0,29.0,2622.0,207928.0,588634.0,12110.0,537421.0,28823897.0
2021-04-19,AT,2075.0,30.0,2417.0,190653.0,590709.0,12140.0,539838.0,29014550.0
2021-04-20,AT,2515.0,46.0,2675.0,320616.0,593224.0,12186.0,542513.0,29335166.0
2021-04-21,AT,2608.0,25.0,2889.0,262443.0,595832.0,12211.0,545402.0,29597609.0
2021-04-22,AT,2472.0,34.0,2609.0,307961.0,598304.0,12245.0,548011.0,29905570.0
2021-04-23,AT,1957.0,18.0,3080.0,280891.0,600261.0,12263.0,551091.0,30186461.0
2021-04-24,AT,1888.0,28.0,2443.0,302593.0,602149.0,12291.0,553534.0,30489054.0
2021-04-25,AT,1575.0,19.0,2263.0,199558.0,603724.0,12310.0,555797.0,30688612.0
2021-04-26,AT,1901.0,30.0,2135.0,147739.0,605625.0,12340.0,557932.0,30836351.0
2021-04-27,AT,2258.0,24.0,2408.0,426701.0,607883.0,12364.0,560340.0,31263052.0
2021-04-28,AT,2142.0,31.0,2621.0,54657.0,610025.0,12395.0,562961.0,31317709.0
2021-04-29,AT,2108.0,27.0,2147.0,272015.0,612133.0,12422.0,565108.0,31589724.0
2021-04-30,AT,1646.0,18.0,2702.0,303180.0,613779.0,12440.0,567810.0,31892904.0
2021-05-01,AT,1532.0,31.0,2203.0,335502.0,615311.0,12471.0,570013.0,32228406.0
2021-05-02,AT,1099.0,31.0,1982.0,155568.0,616410.0,12502.0,571995.0,32383974.0
2021-05-03,AT,1423.0,24.0,2149.0,111903.0,617833.0,12526.0,574144.0,32495877.0
2021-05-04,AT,1703.0,27.0,2635.0,399416.0,619536.0,12553.0,576779.0,32895293.0
2021-05-05,AT,1379.0,20.0,2405.0,347639.0,620915.0,12573.0,579184.0,33242932.0
2021-05-06,AT,1378.0,23.0,2172.0,459327.0,622293.0,12596.0,581356.0,33702259.0
2021-05-07,AT,1141.0,23.0,2429.0,287929.0,623434.0,12619.0,583785.0,33990188.0
2021-05-08,AT,1053.0,15.0,2046.0,309774.0,624487.0,12634.0,585831.0,34299962.0
2021-05-09,AT,738.0,25.0,2030.0,204215.0,625225.0,12659.0,587861.0,34504177.0
2021-05-10,AT,915.0,15.0,1951.0,135456.0,626140.0,12674.0,589812.0,34639633.0
2021-05-11,AT,1153.0,13.0,2183.0,363597.0,627293.0,12687.0,591995.0,35003230.0
2021-05-12,AT,981.0,26.0,2131.0,379788.0,628274.0,12713.0,594126.0,35383018.0
2021-05-13,AT,850.0,11.0,1873.0,415694.0,629124.0,12724.0,595999.0,35798712.0
2021-05-14,AT,632.0,12.0,1876.0,141201.0,629756.0,12736.0,597875.0,35939913.0
2021-05-15,AT,683.0,15.0,1534.0,277682.0,630439.0,12751.0,599409.0,36217595.0
2021-05-16,AT,519.0,12.0,1372.0,175480.0,630958.0,12763.0,600781.0,36393075.0
2021-05-17,AT,633.0,12.0,1417.0,138372.0,631591.0,12775.0,602198.0,36531447.0
2021-05-18,AT,841.0,15.0,1695.0,309371.0,632432.0,12790.0,603893.0,36840818.0
2021-05-19,AT,605.0,3.0,1313.0,396564.0,633037.0,12793.0,605206.0,37237382.0
2021-05-20,AT,657.0,8.0,1420.0,388652.0,633694.0,12801.0,606626.0,37626034.0
2021-05-21,AT,564.0,14.0,1269.0,424152.0,634258.0,12815.0,607895.0,38050186.0
2021-05-22,AT,507.0,9.0,1115.0,479351.0,634765.0,12824.0,609010.0,38529537.0
2021-05-23,AT,347.0,12.0,876.0,348172.0,635112.0,12836.0,609886.0,38877709.0
2021-05-24,AT,406.0,7.0,839.0,211515.0,635518.0,12843.0,610725.0,39089224.0
2021-05-25,AT,474.0,10.0,1067.0,382294.0,635992.0,12853.0,611792.0,39471518.0
2021-05-26,AT,606.0,13.0,834.0,442992.0,636598.0,12866.0,612626.0,39914510.0
2021-05-27,AT,537.0,11.0,873.0,542328.0,637135.0,12877.0,613499.0,40456838.0
2021-05-28,AT,424.0,13.0,771.0,332288.0,637559.0,12890.0,614270.0,40789126.0
2021-05-29,AT,385.0,9.0,811.0,435113.0,637944.0,12899.0,615081.0,41224239.0
2021-05-30,AT,327.0,9.0,658.0,339485.0,638271.0,12908.0,615739.0,41563724.0
2021-05-31,AT,360.0,7.0,666.0,212485.0,638631.0,12915.0,616405.0,41776209.0
2021-06-01,AT,489.0,9.0,843.0,346340.0,639120.0,12924.0,617248.0,42122549.0
2021-06-02,AT,305.0,10.0,599.0,925527.0,639425.0,12934.0,617847.0,43048076.0
2021-06-03,AT,351.0,4.0,553.0,681027.0,639776.0,12938.0,618400.0,43729103.0
2021-06-04,AT,284.0,6.0,478.0,381242.0,640060.0,12944.0,618878.0,44110345.0
2021-06-05,AT,326.0,5.0,551.0,748649.0,640386.0,12949.0,619429.0,44858994.0
2021-06-06,AT,311.0,6.0,357.0,419385.0,640697.0,12955.0,619786.0,45278379.0
2021-06-07,AT,307.0,5.0,488.0,292615.0,641004.0,12960.0,620274.0,45570994.0
2021-06-08,AT,356.0,4.0,607.0,412011.0,641360.0,12964.0,620881.0,45983005.0
2021-06-09,AT,287.0,6.0,476.0,443161.0,641647.0,12970.0,621357.0,46426166.0
2021-06-10,AT,227.0,4.0,465.0,516503.0,641874.0,12974.0,621822.0,46942669.0
2021-06-11,AT,198.0,8.0,418.0,325511.0,642072.0,12982.0,622240.0,47268180.0
2021-06-12,AT,207.0,5.0,448.0,457254.0,642279.0,12987.0,622688.0,47725434.0
2021-06-13,AT,103.0,4.0,308.0,420545.0,642382.0,12991.0,622996.0,48145979.0
2021-06-14,AT,147.0,4.0,402.0,312751.0,642529.0,12995.0,623398.0,48458730.0
2021-06-15,AT,180.0,4.0,356.0,354433.0,642709.0,12999.0,623754.0,48813163.0
2021-06-16,AT,171.0,3.0,335.0,354696.0,642880.0,13002.0,624089.0,49167859.0
2021-06-17,AT,131.0,3.0,388.0,526047.0,643011.0,13005.0,624477.0,49693906.0
2021-06-18,AT,149.0,7.0,358.0,489691.0,643160.0,13012.0,624835.0,50183597.0
2021-06-19,AT,108.0,6.0,300.0,480332.0,643268.0,13018.0,625135.0,50663929.0
2021-06-20,AT,115.0,5.0,217.0,418937.0,643383.0,13023.0,625352.0,51082866.0
2021-06-21,AT,102.0,5.0,216.0,375017.0,643485.0,13028.0,625568.0,51457883.0
2021-06-22,AT,116.0,1.0,297.0,705626.0,643601.0,13029.0,625865.0,52163509.0
2021-06-23,AT,99.0,6.0,176.0,389863.0,643700.0,13035.0,626041.0,52553372.0
2021-06-24,AT,108.0,3.0,226.0,290906.0,643808.0,13038.0,626267.0,52844278.0
2021-06-25,AT,117.0,0.0,174.0,451660.0,643925.0,13038.0,626441.0,53295938.0
2021-06-26,AT,66.0,3.0,166.0,417608.0,643991.0,13041.0,626607.0,53713546.0
2021-06-27,AT,73.0,1.0,161.0,312902.0,644064.0,13042.0,626768.0,54026448.0
2021-06-28,AT,93.0,2.0,166.0,427614.0,644157.0,13044.0,626934.0,54454062.0
2021-06-29,AT,106.0,5.0,176.0,350968.0,644263.0,13049.0,627110.0,54805030.0
2021-06-30,AT,80.0,3.0,165.0,291247.0,644343.0,13052.0,627275.0,55096277.0
2021-07-01,AT,108.0,1.0,160.0,354947.0,644451.0,13053.0,627435.0,55451224.0
2021-07-02,AT,104.0,6.0,128.0,259390.0,644555.0,13059.0,627563.0,55710614.0
2021-07-03,AT,68.0,4.0,177.0,343935.0,644623.0,13063.0,627740.0,56054549.0
2021-07-04,AT,73.0,2.0,87.0,561265.0,644696.0,13065.0,627827.0,56615814.0
2021-07-05,AT,103.0,0.0,124.0,322102.0,644799.0,13065.0,627951.0,56937916.0
2021-07-06,AT,127.0,3.0,137.0,347381.0,644926.0,13068.0,628088.0,57285297.0
2021-07-07,AT,148.0,2.0,128.0,335988.0,645074.0,13070.0,628216.0,57621285.0
2021-07-08,AT,199.0,2.0,119.0,382522.0,645273.0,13072.0,628335.0,58003807.0
2021-07-09,AT,178.0,2.0,108.0,314230.0,645451.0,13074.0,628443.0,58318037.0
2021-07-10,AT,154.0,2.0,78.0,413896.0,645605.0,13076.0,628521.0,58731933.0
2021-07-11,AT,184.0,0.0,89.0,371928.0,645789.0,13076.0,628610.0,59103861.0
2021-07-12,AT,245.0,1.0,71.0,316160.0,646034.0,13077.0,628681.0,59420021.0
2021-07-13,AT,273.0,3.0,107.0,346475.0,646307.0,13080.0,628788.0,59766496.0
2021-07-14,AT,302.0,4.0,100.0,281780.0,646609.0,13084.0,628888.0,60048276.0
2021-07-15,AT,352.0,0.0,104.0,729443.0,646961.0,13084.0,628992.0,60777719.0
2021-07-16,AT,431.0,3.0,117.0,342544.0,647392.0,13087.0,629109.0,61120263.0
2021-07-17,AT,336.0,1.0,106.0,409271.0,647728.0,13088.0,629215.0,61529534.0
2021-07-18,AT,265.0,1.0,113.0,368400.0,647993.0,13089.0,629328.0,61897934.0
2021-07-19,AT,336.0,3.0,136.0,262510.0,648329.0,13092.0,629464.0,62160444.0
2021-07-20,AT,363.0,1.0,165.0,446461.0,648692.0,13093.0,629629.0,62606905.0
2021-07-21,AT,419.0,1.0,170.0,311223.0,649111.0,13094.0,629799.0,62918128.0
2021-07-22,AT,421.0,1.0,191.0,339761.0,649532.0,13095.0,629990.0,63257889.0
2021-07-23,AT,342.0,5.0,235.0,313561.0,649874.0,13100.0,630225.0,63571450.0
2021-07-24,AT,325.0,1.0,253.0,399696.0,650199.0,13101.0,630478.0,63971146.0
2021-07-25,AT,316.0,3.0,195.0,366087.0,650515.0,13104.0,630673.0,64337233.0
2021-07-26,AT,365.0,2.0,258.0,264707.0,650880.0,13106.0,630931.0,64601940.0
2021-07-27,AT,547.0,1.0,281.0,353876.0,651427.0,13107.0,631212.0,64955816.0
2021-07-28,AT,506.0,0.0,319.0,425944.0,651933.0,13107.0,631531.0,65381760.0
2021-07-29,AT,532.0,2.0,285.0,343301.0,652465.0,13109.0,631816.0,65725061.0
2021-07-30,AT,543.0,3.0,377.0,474681.0,653008.0,13112.0,632193.0,66199742.0
2021-07-31,AT,420.0,4.0,337.0,367563.0,653428.0,13116.0,632530.0,66567305.0
2021-08-01,AT,346.0,3.0,322.0,349438.0,653774.0,13119.0,632852.0,66916743.0
2021-08-02,AT,402.0,2.0,300.0,285169.0,654176.0,13121.0,633152.0,67201912.0
2021-08-03,AT,595.0,3.0,389.0,286518.0,654771.0,13124.0,633541.0,67488430.0
2021-08-04,AT,497.0,3.0,406.0,283128.0,655268.0,13127.0,633947.0,67771558.0
2021-08-05,AT,601.0,5.0,461.0,465180.0,655869.0,13132.0,634408.0,68236738.0
2021-08-06,AT,571.0,3.0,432.0,288795.0,656440.0,13135.0,634840.0,68525533.0
2021-08-07,AT,563.0,1.0,410.0,411157.0,657003.0,13136.0,635250.0,68936690.0
2021-08-08,AT,436.0,2.0,378.0,346513.0,657439.0,13138.0,635628.0,69283203.0
2021-08-09,AT,617.0,2.0,373.0,254742.0,658056.0,13140.0,636001.0,69537945.0
2021-08-10,AT,874.0,3.0,491.0,306240.0,658930.0,13143.0,636492.0,69844185.0
2021-08-11,AT,859.0,0.0,489.0,264414.0,659789.0,13143.0,636981.0,70108599.0
2021-08-12,AT,968.0,2.0,457.0,447807.0,660757.0,13145.0,637438.0,70556406.0
2021-08-13,AT,952.0,3.0,453.0,280547.0,661709.0,13148.0,637891.0,70836953.0
2021-08-14,AT,832.0,5.0,454.0,344791.0,662541.0,13153.0,638345.0,71181744.0
2021-08-15,AT,797.0,1.0,432.0,395705.0,663338.0,13154.0,638777.0,71577449.0
2021-08-16,AT,876.0,0.0,448.0,290401.0,664214.0,13154.0,639225.0,71867850.0
2021-08-17,AT,1213.0,0.0,522.0,287405.0,665427.0,13154.0,639747.0,72155255.0
2021-08-18,AT,1293.0,2.0,605.0,269632.0,666720.0,13156.0,640352.0,72424887.0
2021-08-19,AT,1310.0,3.0,599.0,442858.0,668030.0,13159.0,640951.0,72867745.0
2021-08-20,AT,1287.0,2.0,746.0,268611.0,669317.0,13161.0,641697.0,73136356.0
2021-08-21,AT,1106.0,3.0,611.0,366192.0,670423.0,13164.0,642308.0,73502548.0
2021-08-22,AT,983.0,2.0,658.0,330086.0,671406.0,13166.0,642966.0,73832634.0
2021-08-23,AT,1154.0,6.0,681.0,284054.0,672560.0,13172.0,643647.0,74116688.0
2021-08-24,AT,1621.0,2.0,888.0,277987.0,674181.0,13174.0,644535.0,74394675.0
2021-08-25,AT,1450.0,6.0,767.0,281445.0,675631.0,13180.0,645302.0,74676120.0
2021-08-26,AT,1404.0,3.0,814.0,422734.0,677035.0,13183.0,646116.0,75098854.0
2021-08-27,AT,1378.0,6.0,932.0,255447.0,678413.0,13189.0,647048.0,75354301.0
2021-08-28,AT,1345.0,9.0,946.0,326424.0,679758.0,13198.0,647994.0,75680725.0
2021-08-29,AT,1081.0,3.0,818.0,332283.0,680839.0,13201.0,648812.0,76013008.0
2021-08-30,AT,1281.0,3.0,806.0,230634.0,682120.0,13204.0,649618.0,76243642.0
2021-08-31,AT,1852.0,4.0,1148.0,274462.0,683972.0,13208.0,650766.0,76518104.0
2021-09-01,AT,1555.0,4.0,1106.0,282427.0,685527.0,13212.0,651872.0,76800531.0
2021-09-02,AT,1691.0,8.0,1155.0,411231.0,687218.0,13220.0,653027.0,77211762.0
2021-09-03,AT,1932.0,6.0,1183.0,264200.0,689150.0,13226.0,654210.0,77475962.0
2021-09-04,AT,1576.0,9.0,1146.0,342379.0,690726.0,13235.0,655356.0,77818341.0
2021-09-05,AT,1391.0,9.0,1089.0,375399.0,692117.0,13244.0,656445.0,78193740.0
2021-09-06,AT,1801.0,4.0,1158.0,338111.0,693918.0,13248.0,657603.0,78531851.0
2021-09-07,AT,2301.0,8.0,1203.0,338557.0,696219.0,13256.0,658806.0,78870408.0
2021-09-08,AT,2168.0,8.0,1414.0,439775.0,698387.0,13264.0,660220.0,79310183.0
2021-09-09,AT,2338.0,10.0,1343.0,347969.0,700725.0,13274.0,661563.0,79658152.0
2021-09-10,AT,2246.0,11.0,1356.0,321630.0,702971.0,13285.0,662919.0,79979782.0
2021-09-11,AT,1838.0,7.0,1512.0,358111.0,704809.0,13292.0,664431.0,80337893.0
2021-09-12,AT,1390.0,3.0,1303.0,364949.0,706199.0,13295.0,665734.0,80702842.0
2021-09-13,AT,1848.0,9.0,1438.0,309931.0,708047.0,13304.0,667172.0,81012773.0
2021-09-14,AT,2599.0,15.0,1720.0,371093.0,710646.0,13319.0,668892.0,81383866.0
2021-09-15,AT,2318.0,12.0,1480.0,353847.0,712964.0,13331.0,670372.0,81737713.0
2021-09-16,AT,2212.0,11.0,1643.0,478750.0,715176.0,13342.0,672015.0,82216463.0
2021-09-17,AT,2028.0,11.0,1668.0,284257.0,717204.0,13353.0,673683.0,82500720.0
2021-09-18,AT,1428.0,7.0,1704.0,367712.0,718632.0,13360.0,675387.0,82868432.0
2021-09-19,AT,1340.0,19.0,1656.0,374322.0,719972.0,13379.0,677043.0,83242754.0
2021-09-20,AT,1380.0,12.0,1741.0,279401.0,721352.0,13391.0,678784.0,83522155.0
2021-09-21,AT,2107.0,9.0,2305.0,262426.0,723459.0,13400.0,681089.0,83784581.0
2021-09-22,AT,1838.0,11.0,1834.0,447985.0,725297.0,13411.0,682923.0,84232566.0
2021-09-23,AT,1816.0,10.0,1884.0,497356.0,727113.0,13421.0,684807.0,84729922.0
2021-09-24,AT,1829.0,9.0,1985.0,304125.0,728942.0,13430.0,686792.0,85034047.0
2021-09-25,AT,1385.0,14.0,1908.0,352913.0,730327.0,13444.0,688700.0,85386960.0
2021-09-26,AT,1386.0,11.0,1792.0,350169.0,731713.0,13455.0,690492.0,85737129.0
2021-09-27,AT,1590.0,8.0,1638.0,296446.0,733303.0,13463.0,692130.0,86033575.0
2021-09-28,AT,2611.0,17.0,2284.0,358279.0,735914.0,13480.0,694414.0,86391854.0
2021-09-29,AT,1924.0,8.0,1975.0,359097.0,737838.0,13488.0,696389.0,86750951.0
2021-09-30,AT,1738.0,10.0,2112.0,433868.0,739576.0,13498.0,698501.0,87184819.0
2021-10-01,AT,1807.0,9.0,1854.0,290255.0,741383.0,13507.0,700355.0,87475074.0
2021-10-02,AT,1555.0,15.0,1785.0,225990.0,742938.0,13522.0,702140.0,87701064.0
2021-10-03,AT,1371.0,11.0,1520.0,408724.0,744309.0,13533.0,703660.0,88109788.0
2021-10-04,AT,1460.0,8.0,1684.0,287120.0,745769.0,13541.0,705344.0,88396908.0
2021-10-05,AT,2671.0,16.0,2406.0,365396.0,748440.0,13557.0,707750.0,88762304.0
2021-10-06,AT,2035.0,8.0,1859.0,326599.0,750475.0,13565.0,709609.0,89088903.0
2021-10-07,AT,1853.0,11.0,2084.0,433055.0,752328.0,13576.0,711693.0,89521958.0
2021-10-08,AT,1875.0,8.0,2081.0,270111.0,754203.0,13584.0,713774.0,89792069.0
2021-10-09,AT,1585.0,12.0,1896.0,287442.0,755788.0,13596.0,715670.0,90079511.0
2021-10-10,AT,1298.0,10.0,1671.0,298259.0,757086.0,13606.0,717341.0,90377770.0
2021-10-11,AT,1597.0,12.0,1681.0,236189.0,758683.0,13618.0,719022.0,90613959.0
2021-10-12,AT,2715.0,19.0,2199.0,351804.0,761398.0,13637.0,721221.0,90965763.0
2021-10-13,AT,2113.0,11.0,1670.0,329066.0,763511.0,13648.0,722891.0,91294829.0
2021-10-14,AT,2389.0,11.0,1827.0,427441.0,765900.0,13659.0,724718.0,91722270.0
2021-10-15,AT,2381.0,12.0,1969.0,280850.0,768281.0,13671.0,726687.0,92003120.0
2021-10-16,AT,2146.0,21.0,1729.0,321818.0,770427.0,13692.0,728416.0,92324938.0
2021-10-17,AT,1997.0,20.0,1790.0,298128.0,772424.0,13712.0,730206.0,92623066.0
2021-10-18,AT,2728.0,11.0,1734.0,248407.0,775152.0,13723.0,731940.0,92871473.0
2021-10-19,AT,3970.0,13.0,2294.0,364890.0,779122.0,13736.0,734234.0,93236363.0
2021-10-20,AT,3617.0,14.0,1866.0,335375.0,782739.0,13750.0,736100.0,93571738.0
2021-10-21,AT,3486.0,16.0,1832.0,455165.0,786225.0,13766.0,737932.0,94026903.0
2021-10-22,AT,3705.0,17.0,2046.0,284844.0,789930.0,13783.0,739978.0,94311747.0
2021-10-23,AT,3531.0,17.0,2075.0,315989.0,793461.0,13800.0,742053.0,94627736.0
2021-10-24,AT,2794.0,23.0,1948.0,314239.0,796255.0,13823.0,744001.0,94941975.0
2021-10-25,AT,3446.0,12.0,2210.0,245796.0,799701.0,13835.0,746211.0,95187771.0
2021-10-26,AT,4482.0,25.0,2884.0,354029.0,804183.0,13860.0,749095.0,95541800.0
2021-10-27,AT,4306.0,29.0,2465.0,268599.0,808489.0,13889.0,751560.0,95810399.0
2021-10-28,AT,5935.0,17.0,2585.0,451995.0,814424.0,13906.0,754145.0,96262394.0
2021-10-29,AT,5978.0,14.0,2897.0,312927.0,820402.0,13920.0,757042.0,96575321.0
2021-10-30,AT,5628.0,27.0,2821.0,338420.0,826030.0,13947.0,759863.0,96913741.0
2021-10-31,AT,4794.0,18.0,2770.0,340861.0,830824.0,13965.0,762633.0,97254602.0
2021-11-01,AT,5284.0,24.0,3263.0,276500.0,836108.0,13989.0,765896.0,97531102.0
2021-11-02,AT,6583.0,24.0,3863.0,306382.0,842691.0,14013.0,769759.0,97837484.0
2021-11-03,AT,8971.0,35.0,3339.0,581327.0,851662.0,14048.0,773098.0,98418811.0
2021-11-04,AT,9767.0,29.0,3496.0,550179.0,861429.0,14077.0,776594.0,98968990.0
2021-11-05,AT,9694.0,35.0,3982.0,473302.0,871123.0,14112.0,780576.0,99442292.0
2021-11-06,AT,8109.0,32.0,3979.0,414915.0,879232.0,14144.0,784555.0,99857207.0
2021-11-07,AT,8005.0,29.0,4259.0,397268.0,887237.0,14173.0,788814.0,100254475.0
2021-11-08,AT,7752.0,35.0,4502.0,380970.0,894989.0,14208.0,793316.0,100635445.0
2021-11-09,AT,11955.0,39.0,5477.0,454958.0,906944.0,14247.0,798793.0,101090403.0
2021-11-10,AT,13205.0,31.0,5144.0,346999.0,920149.0,14278.0,803937.0,101437402.0
2021-11-11,AT,10564.0,63.0,5274.0,725954.0,930713.0,14341.0,809211.0,102163356.0
2021-11-12,AT,12627.0,58.0,5669.0,445216.0,943340.0,14399.0,814880.0,102608572.0
2021-11-13,AT,11418.0,60.0,6501.0,381534.0,954758.0,14459.0,821381.0,102990106.0
2021-11-14,AT,11181.0,48.0,6184.0,323413.0,965939.0,14507.0,827565.0,103313519.0
2021-11-15,AT,10983.0,48.0,7058.0,399798.0,976922.0,14555.0,834623.0,103713317.0
2021-11-16,AT,16440.0,51.0,7567.0,464540.0,993362.0,14606.0,842190.0,104177857.0
2021-11-17,AT,15001.0,59.0,7996.0,593434.0,1008363.0,14665.0,850186.0,104771291.0
2021-11-18,AT,14865.0,54.0,8442.0,553894.0,1023228.0,14719.0,858628.0,105325185.0
2021-11-19,AT,14045.0,66.0,8845.0,552269.0,1037273.0,14785.0,867473.0,105877454.0
2021-11-20,AT,14076.0,48.0,9792.0,430547.0,1051349.0,14833.0,877265.0,106308001.0
2021-11-21,AT,11625.0,70.0,9467.0,524203.0,1062974.0,14903.0,886732.0,106832204.0
2021-11-22,AT,11950.0,66.0,10411.0,354947.0,1074924.0,14969.0,897143.0,107187151.0
2021-11-23,AT,14491.0,65.0,12443.0,428955.0,1089415.0,15034.0,909586.0,107616106.0
2021-11-24,AT,14432.0,62.0,12124.0,368068.0,1103847.0,15096.0,921710.0,107984174.0
2021-11-25,AT,12096.0,73.0,13205.0,619654.0,1115943.0,15169.0,934915.0,108603828.0
2021-11-26,AT,12018.0,80.0,13390.0,606176.0,1127961.0,15249.0,948305.0,109210004.0
2021-11-27,AT,9596.0,59.0,13349.0,346928.0,1137557.0,15308.0,961654.0,109556932.0
2021-11-28,AT,7972.0,71.0,11937.0,268213.0,1145529.0,15379.0,973591.0,109825145.0
2021-11-29,AT,8094.0,80.0,12921.0,285534.0,1153623.0,15459.0,986512.0,110110679.0
2021-11-30,AT,10938.0,51.0,13992.0,469103.0,1164561.0,15510.0,1000504.0,110579782.0
2021-12-01,AT,8753.0,75.0,13263.0,491554.0,1173314.0,15585.0,1013767.0,111071336.0
2021-12-02,AT,7216.0,77.0,12386.0,466309.0,1180530.0,15662.0,1026153.0,111537645.0
2021-12-03,AT,6240.0,69.0,13245.0,400321.0,1186770.0,15731.0,1039398.0,111937966.0
2021-12-04,AT,5305.0,70.0,11554.0,296446.0,1192075.0,15801.0,1050952.0,112234412.0
2021-12-05,AT,4247.0,59.0,10724.0,292422.0,1196322.0,15860.0,1061676.0,112526834.0
2021-12-06,AT,4396.0,65.0,10936.0,310646.0,1200718.0,15925.0,1072612.0,112837480.0
2021-12-07,AT,6041.0,71.0,13222.0,457815.0,1206759.0,15996.0,1085834.0,113295295.0
2021-12-08,AT,4306.0,63.0,11149.0,395681.0,1211065.0,16059.0,1096983.0,113690976.0
2021-12-09,AT,3106.0,59.0,10352.0,301881.0,1214171.0,16118.0,1107335.0,113992857.0
2021-12-10,AT,4797.0,57.0,9847.0,411029.0,1218968.0,16175.0,1117182.0,114403886.0
2021-12-11,AT,3245.0,50.0,9155.0,264154.0,1222213.0,16225.0,1126337.0,114668040.0
2021-12-12,AT,3255.0,41.0,7500.0,288460.0,1225468.0,16266.0,1133837.0,114956500.0
2021-12-13,AT,2916.0,50.0,7693.0,261523.0,1228384.0,16316.0,1141530.0,115218023.0
2021-12-14,AT,4115.0,52.0,8365.0,460677.0,1232499.0,16368.0,1149895.0,115678700.0
2021-12-15,AT,2920.0,36.0,6720.0,466533.0,1235419.0,16404.0,1156615.0,116145233.0
2021-12-16,AT,2691.0,39.0,6249.0,410701.0,1238110.0,16443.0,1162864.0,116555934.0
2021-12-17,AT,2343.0,35.0,6068.0,428824.0,1240453.0,16478.0,1168932.0,116984758.0
2021-12-18,AT,1983.0,30.0,5232.0,332869.0,1242436.0,16508.0,1174164.0,117317627.0
2021-12-19,AT,1880.0,37.0,4264.0,262854.0,1244316.0,16545.0,1178428.0,117580481.0
2021-12-20,AT,1941.0,33.0,4726.0,252128.0,1246257.0,16578.0,1183154.0,117832609.0
2021-12-21,AT,2798.0,31.0,5503.0,316974.0,1249055.0,16609.0,1188657.0,118149583.0
2021-12-22,AT,2157.0,23.0,4348.0,538458.0,1251212.0,16632.0,1193005.0,118688041.0
2021-12-23,AT,2259.0,24.0,4005.0,338202.0,1253471.0,16656.0,1197010.0,119026243.0
2021-12-24,AT,2103.0,19.0,3775.0,508023.0,1255574.0,16675.0,1200785.0,119534266.0
2021-12-25,AT,1622.0,21.0,3138.0,389512.0,1257196.0,16696.0,1203923.0,119923778.0
2021-12-26,AT,1732.0,23.0,2815.0,290509.0,1258928.0,16719.0,1206738.0,120214287.0
2021-12-27,AT,2592.0,26.0,2629.0,193332.0,1261520.0,16745.0,1209367.0,120407619.0
2021-12-28,AT,3329.0,25.0,3412.0,2196281.0,1264849.0,16770.0,1212779.0,122603900.0
2021-12-29,AT,3170.0,16.0,2633.0,317231.0,1268019.0,16786.0,1215412.0,122921131.0
2021-12-30,AT,3805.0,30.0,2321.0,305717.0,1271824.0,16816.0,1217733.0,123226848.0
2021-12-31,AT,3684.0,14.0,2657.0,352361.0,1275508.0,16830.0,1220390.0,123579209.0
2022-01-01,AT,2999.0,8.0,1988.0,328668.0,1278507.0,16838.0,1222378.0,123907877.0
2022-01-02,AT,3470.0,12.0,1893.0,198549.0,1281977.0,16850.0,1224271.0,124106426.0
2022-01-03,AT,5984.0,22.0,2193.0,198125.0,1287961.0,16872.0,1226464.0,124304551.0
2022-01-04,AT,10051.0,12.0,2607.0,331732.0,1298012.0,16884.0,1229071.0,124636283.0
2022-01-05,AT,8768.0,10.0,2412.0,570586.0,1306780.0,16894.0,1231483.0,125206869.0
2022-01-06,AT,8873.0,9.0,2443.0,319520.0,1315653.0,16903.0,1233926.0,125526389.0
2022-01-07,AT,7021.0,14.0,2397.0,331149.0,1322674.0,16917.0,1236323.0,125857538.0
2022-01-08,AT,10686.0,8.0,2683.0,471709.0,1333360.0,16925.0,1239006.0,126329247.0
2022-01-09,AT,10884.0,13.0,2999.0,446699.0,1344244.0,16938.0,1242005.0,126775946.0
2022-01-10,AT,12613.0,12.0,3952.0,528372.0,1356857.0,16950.0,1245957.0,127304318.0
2022-01-11,AT,16491.0,10.0,4679.0,515761.0,1373348.0,16960.0,1250636.0,127820079.0
2022-01-12,AT,16779.0,9.0,4493.0,1469988.0,1390127.0,16969.0,1255129.0,129290067.0
2022-01-13,AT,16909.0,9.0,6242.0,482191.0,1407036.0,16978.0,1261371.0,129772258.0
2022-01-14,AT,17010.0,12.0,7887.0,736449.0,1424046.0,16990.0,1269258.0,130508707.0
2022-01-15,AT,14814.0,8.0,7164.0,500115.0,1438860.0,16998.0,1276422.0,131008822.0
2022-01-16,AT,16095.0,11.0,8282.0,728344.0,1454955.0,17009.0,1284704.0,131737166.0
2022-01-17,AT,18288.0,8.0,9689.0,453008.0,1473243.0,17017.0,1294393.0,132190174.0
2022-01-18,AT,28087.0,8.0,10899.0,532431.0,1501330.0,17025.0,1305292.0,132722605.0
2022-01-19,AT,25136.0,12.0,10813.0,842360.0,1526466.0,17037.0,1316105.0,133564965.0
2022-01-20,AT,29605.0,7.0,11140.0,1388277.0,1556071.0,17044.0,1327245.0,134953242.0
2022-01-21,AT,26658.0,17.0,12103.0,616780.0,1582729.0,17061.0,1339348.0,135570022.0
2022-01-22,AT,23329.0,11.0,11603.0,539273.0,1606058.0,17072.0,1350951.0,136109295.0
2022-01-23,AT,25107.0,16.0,12987.0,465147.0,1631165.0,17088.0,1363938.0,136574442.0
2022-01-24,AT,26663.0,13.0,14848.0,457621.0,1657828.0,17101.0,1378786.0,137032063.0
2022-01-25,AT,38134.0,16.0,17048.0,533996.0,1695962.0,17117.0,1395834.0,137566059.0
2022-01-26,AT,35723.0,10.0,17507.0,791137.0,1731685.0,17127.0,1413341.0,138357196.0
2022-01-27,AT,37900.0,17.0,18899.0,1735543.0,1769585.0,17144.0,1432240.0,140092739.0
2022-01-28,AT,33673.0,20.0,20682.0,701619.0,1803258.0,17164.0,1452922.0,140794358.0
2022-01-29,AT,29185.0,15.0,21034.0,568134.0,1832443.0,17179.0,1473956.0,141362492.0
2022-01-30,AT,26315.0,16.0,23868.0,425786.0,1858758.0,17195.0,1497824.0,141788278.0
2022-01-31,AT,27862.0,14.0,23913.0,292063.0,1886620.0,17209.0,1521737.0,142080341.0
2022-02-01,AT,44204.0,15.0,27293.0,708812.0,1930824.0,17224.0,1549030.0,142789153.0
2022-02-02,AT,33868.0,21.0,24941.0,1223923.0,1964692.0,17245.0,1573971.0,144013076.0
2022-02-03,AT,36946.0,25.0,27766.0,1161196.0,2001638.0,17270.0,1601737.0,145174272.0
2022-02-04,AT,33418.0,20.0,30466.0,596739.0,2035056.0,17290.0,1632203.0,145771011.0
2022-02-05,AT,30052.0,26.0,26888.0,545912.0,2065108.0,17316.0,1659091.0,146316923.0
2022-02-06,AT,25905.0,20.0,28311.0,492386.0,2091013.0,17336.0,1687402.0,146809309.0
2022-02-07,AT,29051.0,24.0,29886.0,417128.0,2120064.0,17360.0,1717288.0,147226437.0
2022-02-08,AT,40147.0,19.0,33336.0,625935.0,2160211.0,17379.0,1750624.0,147852372.0
2022-02-09,AT,35113.0,19.0,41194.0,758201.0,2195324.0,17398.0,1791818.0,148610573.0
2022-02-10,AT,33215.0,28.0,43552.0,828701.0,2228539.0,17426.0,1835370.0,149439274.0
2022-02-11,AT,29716.0,32.0,42607.0,429377.0,2258255.0,17458.0,1877977.0,149868651.0
2022-02-12,AT,24925.0,33.0,39972.0,681801.0,2283180.0,17491.0,1917949.0,150550452.0
2022-02-13,AT,23979.0,23.0,41241.0,369192.0,2307159.0,17514.0,1959190.0,150919644.0
2022-02-14,AT,26431.0,33.0,38231.0,251563.0,2333590.0,17547.0,1997421.0,151171207.0
2022-02-15,AT,38695.0,31.0,48757.0,709849.0,2372285.0,17578.0,2046178.0,151881056.0
2022-02-16,AT,30811.0,24.0,31879.0,942103.0,2403096.0,17602.0,2078057.0,152823159.0
2022-02-17,AT,30480.0,31.0,31729.0,746865.0,2433576.0,17633.0,2109786.0,153570024.0
2022-02-18,AT,25709.0,20.0,34653.0,491800.0,2459285.0,17653.0,2144439.0,154061824.0
2022-02-19,AT,21750.0,28.0,30768.0,711316.0,2481035.0,17681.0,2175207.0,154773140.0
2022-02-20,AT,21333.0,25.0,29291.0,368063.0,2502368.0,17706.0,2204498.0,155141203.0
2022-02-21,AT,23637.0,28.0,28830.0,222958.0,2526005.0,17734.0,2233328.0,155364161.0
2022-02-22,AT,35219.0,30.0,29615.0,539689.0,2561224.0,17764.0,2262943.0,155903850.0
2022-02-23,AT,28493.0,28.0,28479.0,564949.0,2589717.0,17792.0,2291422.0,156468799.0
2022-02-24,AT,29741.0,32.0,28040.0,886099.0,2619458.0,17824.0,2319462.0,157354898.0
2022-02-25,AT,25016.0,39.0,31654.0,503707.0,2644474.0,17863.0,2351116.0,157858605.0
2022-02-26,AT,22051.0,30.0,26642.0,740205.0,2666525.0,17893.0,2377758.0,158598810.0
2022-02-27,AT,21192.0,27.0,27853.0,342848.0,2687717.0,17920.0,2405611.0,158941658.0
2022-02-28,AT,27298.0,31.0,27388.0,161121.0,2715015.0,17951.0,2432999.0,159102779.0
2022-03-01,AT,40835.0,41.0,29131.0,553850.0,2755850.0,17992.0,2462130.0,159656629.0
2022-03-02,AT,31631.0,30.0,25988.0,847200.0,2787481.0,18022.0,2488118.0,160503829.0
2022-03-03,AT,31820.0,32.0,27895.0,801296.0,2819301.0,18054.0,2516013.0,161305125.0
2022-03-04,AT,31455.0,31.0,29903.0,217224.0,2850756.0,18085.0,2545916.0,161522349.0
2022-03-05,AT,27527.0,31.0,26120.0,825635.0,2878283.0,18116.0,2572036.0,162347984.0
2022-03-06,AT,26480.0,24.0,27382.0,308045.0,2904763.0,18140.0,2599418.0,162656029.0
2022-03-07,AT,34034.0,32.0,26867.0,181146.0,2938797.0,18172.0,2626285.0,162837175.0
2022-03-08,AT,50974.0,27.0,31257.0,627441.0,2989771.0,18199.0,2657542.0,163464616.0
2022-03-09,AT,49911.0,24.0,30238.0,609185.0,3039682.0,18223.0,2687780.0,164073801.0
2022-03-10,AT,49295.0,27.0,32234.0,803114.0,3088977.0,18250.0,2720014.0,164876915.0
2022-03-11,AT,43434.0,28.0,38103.0,470532.0,3132411.0,18278.0,2758117.0,165347447.0
2022-03-12,AT,37376.0,29.0,31405.0,664188.0,3169787.0,18307.0,2789522.0,166011635.0
2022-03-13,AT,34231.0,27.0,32109.0,366672.0,3204018.0,18334.0,2821631.0,166378307.0
2022-03-14,AT,40009.0,27.0,31278.0,345283.0,3244027.0,18361.0,2852909.0,166723590.0
2022-03-15,AT,63512.0,34.0,36186.0,544679.0,3307539.0,18395.0,2889095.0,167268269.0
2022-03-16,AT,51539.0,26.0,35186.0,1057150.0,3359078.0,18421.0,2924281.0,168325419.0
2022-03-17,AT,50513.0,40.0,38123.0,768595.0,3409591.0,18461.0,2962404.0,169094014.0
2022-03-18,AT,41967.0,41.0,46593.0,472259.0,3451558.0,18502.0,3008997.0,169566273.0
2022-03-19,AT,37334.0,34.0,44314.0,714927.0,3488892.0,18536.0,3053311.0,170281200.0
2022-03-20,AT,31073.0,36.0,44714.0,352029.0,3519965.0,18572.0,3098025.0,170633229.0
2022-03-21,AT,36821.0,36.0,40978.0,332573.0,3556786.0,18608.0,3139003.0,170965802.0
2022-03-22,AT,54388.0,35.0,43141.0,450123.0,3611174.0,18643.0,3182144.0,171415925.0
2022-03-23,AT,40870.0,49.0,41958.0,478319.0,3652044.0,18692.0,3224102.0,171894244.0
2022-03-24,AT,36965.0,42.0,41326.0,663883.0,3689009.0,18734.0,3265428.0,172558127.0
2022-03-25,AT,32896.0,46.0,53388.0,346725.0,3721905.0,18780.0,3318816.0,172904852.0
2022-03-26,AT,25367.0,39.0,43607.0,602107.0,3747272.0,18819.0,3362423.0,173506959.0
2022-03-27,AT,20818.0,33.0,44387.0,186079.0,3768090.0,18852.0,3406810.0,173693038.0
2022-03-28,AT,25925.0,33.0,40874.0,222096.0,3794015.0,18885.0,3447684.0,173915134.0
2022-03-29,AT,33841.0,38.0,41630.0,526435.0,3827856.0,18923.0,3489314.0,174441569.0
2022-03-30,AT,25912.0,49.0,36597.0,805811.0,3853768.0,18972.0,3525911.0,175247380.0
2022-03-31,AT,22038.0,43.0,38704.0,369907.0,3875806.0,19015.0,3564615.0,175617287.0
2022-04-01,AT,18789.0,51.0,45730.0,552375.0,3894595.0,19066.0,3610345.0,176169662.0
2022-04-02,AT,13858.0,26.0,36650.0,460338.0,3908453.0,19092.0,3646995.0,176630000.0
2022-04-03,AT,11404.0,41.0,34395.0,213630.0,3919857.0,19133.0,3681390.0,176843630.0
2022-04-04,AT,15173.0,27.0,31358.0,188046.0,3935030.0,19160.0,3712748.0,177031676.0
2022-04-05,AT,20779.0,36.0,29217.0,374323.0,3955809.0,19196.0,3741965.0,177405999.0
2022-04-06,AT,16204.0,37.0,24191.0,359410.0,3972013.0,19233.0,3766156.0,177765409.0
2022-04-07,AT,13744.0,30.0,24254.0,721020.0,3985757.0,19263.0,3790410.0,178486429.0
2022-04-08,AT,12890.0,28.0,29377.0,192519.0,3998647.0,19291.0,3819787.0,178678948.0
2022-04-09,AT,10528.0,30.0,21624.0,516345.0,4009175.0,19321.0,3841411.0,179195293.0
2022-04-10,AT,7268.0,26.0,20274.0,170462.0,4016443.0,19347.0,3861685.0,179365755.0
2022-04-11,AT,9409.0,28.0,16461.0,100077.0,4025852.0,19375.0,3878146.0,179465832.0
2022-04-12,AT,12368.0,32.0,16572.0,201528.0,4038220.0,19407.0,3894718.0,179667360.0
2022-04-13,AT,10227.0,23.0,14937.0,185952.0,4048447.0,19430.0,3909655.0,179853312.0
2022-04-14,AT,9748.0,16.0,14827.0,262385.0,4058195.0,19446.0,3924482.0,180115697.0
2022-04-15,AT,8642.0,22.0,17226.0,129645.0,4066837.0,19468.0,3941708.0,180245342.0
2022-04-16,AT,7336.0,21.0,14375.0,226603.0,4074173.0,19489.0,3956083.0,180471945.0
2022-04-17,AT,5558.0,18.0,12980.0,106217.0,4079731.0,19507.0,3969063.0,180578162.0
2022-04-18,AT,5700.0,16.0,12264.0,79772.0,4085431.0,19523.0,3981327.0,180657934.0
2022-04-19,AT,8393.0,19.0,11503.0,101910.0,4093824.0,19542.0,3992830.0,180759844.0
2022-04-20,AT,10835.0,14.0,9545.0,247953.0,4104659.0,19556.0,4002375.0,181007797.0
2022-04-21,AT,7956.0,25.0,8919.0,344293.0,4112615.0,19581.0,4011294.0,181352090.0
2022-04-22,AT,6438.0,21.0,11489.0,259002.0,4119053.0,19602.0,4022783.0,181611092.0
2022-04-23,AT,5435.0,16.0,9387.0,113218.0,4124488.0,19618.0,4032170.0,181724310.0
2022-04-24,AT,4289.0,12.0,8778.0,101424.0,4128777.0,19630.0,4040948.0,181825734.0
2022-04-25,AT,6115.0,13.0,8257.0,84727.0,4134892.0,19643.0,4049205.0,181910461.0
2022-04-26,AT,8145.0,14.0,7824.0,269082.0,4143037.0,19657.0,4057029.0,182179543.0
2022-04-27,AT,6443.0,17.0,6881.0,236855.0,4149480.0,19674.0,4063910.0,182416398.0
2022-04-28,AT,6049.0,15.0,6582.0,179845.0,4155529.0,19689.0,4070492.0,182596243.0
2022-04-29,AT,5225.0,9.0,7229.0,246143.0,4160754.0,19698.0,4077721.0,182842386.0
2022-04-30,AT,4445.0,7.0,8766.0,160057.0,4165199.0,19705.0,4086487.0,183002443.0
2022-05-01,AT,3908.0,14.0,7223.0,83714.0,4169107.0,19719.0,4093710.0,183086157.0
2022-05-02,AT,5541.0,12.0,6114.0,71620.0,4174648.0,19731.0,4099824.0,183157777.0
2022-05-03,AT,7071.0,14.0,6111.0,164112.0,4181719.0,19745.0,4105935.0,183321889.0
2022-05-04,AT,5920.0,9.0,5718.0,200791.0,4187639.0,19754.0,4111653.0,183522680.0
2022-05-05,AT,6024.0,5.0,5791.0,160209.0,4193663.0,19759.0,4117444.0,183682889.0
2022-05-06,AT,5075.0,9.0,6950.0,286409.0,4198738.0,19768.0,4124394.0,183969298.0
2022-05-07,AT,3429.0,6.0,6097.0,100098.0,4202167.0,19774.0,4130491.0,184069396.0
2022-05-08,AT,3884.0,18.0,5933.0,77696.0,4206051.0,19792.0,4136424.0,184147092.0
2022-05-09,AT,4681.0,6.0,5019.0,68304.0,4210732.0,19798.0,4141443.0,184215396.0
2022-05-10,AT,5894.0,7.0,5158.0,172786.0,4216626.0,19805.0,4146601.0,184388182.0
2022-05-11,AT,5000.0,6.0,5060.0,228920.0,4221626.0,19811.0,4151661.0,184617102.0
2022-05-12,AT,4724.0,12.0,5214.0,148398.0,4226350.0,19823.0,4156875.0,184765500.0
2022-05-13,AT,3682.0,3.0,6426.0,109198.0,4230032.0,19826.0,4163301.0,184874698.0
2022-05-14,AT,3294.0,3.0,5610.0,89897.0,4233326.0,19829.0,4168911.0,184964595.0
2022-05-15,AT,2478.0,4.0,5516.0,70310.0,4235804.0,19833.0,4174427.0,185034905.0
2022-05-16,AT,3247.0,8.0,4928.0,435133.0,4239051.0,19841.0,4179355.0,185470038.0
2022-05-17,AT,4377.0,4.0,4234.0,155889.0,4243428.0,19845.0,4183589.0,185625927.0
2022-05-18,AT,3366.0,5.0,4564.0,225336.0,4246794.0,19850.0,4188153.0,185851263.0
2022-05-19,AT,3117.0,6.0,4385.0,135858.0,4249911.0,19856.0,4192538.0,185987121.0
2022-05-20,AT,2694.0,2.0,5177.0,227772.0,4252605.0,19858.0,4197715.0,186214893.0
2022-05-21,AT,1733.0,5.0,4311.0,112635.0,4254338.0,19863.0,4202026.0,186327528.0
2022-05-22,AT,1745.0,4.0,4300.0,53817.0,4256083.0,19867.0,4206326.0,186381345.0
2022-05-23,AT,2403.0,4.0,3514.0,39726.0,4258486.0,19871.0,4209840.0,186421071.0
2022-05-24,AT,3130.0,13.0,3430.0,290343.0,4261616.0,19884.0,4213270.0,186711414.0
2022-05-25,AT,2599.0,2.0,2858.0,256898.0,4264215.0,19886.0,4216128.0,186968312.0
2022-05-26,AT,1736.0,7.0,2924.0,259173.0,4265951.0,19893.0,4219052.0,187227485.0
2022-05-27,AT,1814.0,2.0,3721.0,57558.0,4267765.0,19895.0,4222773.0,187285043.0
2022-05-28,AT,1881.0,2.0,2895.0,47210.0,4269646.0,19897.0,4225668.0,187332253.0
2022-05-29,AT,1737.0,0.0,2850.0,59744.0,4271383.0,19897.0,4228518.0,187391997.0
2022-05-30,AT,2390.0,3.0,2523.0,45285.0,4273773.0,19900.0,4231041.0,187437282.0
2022-05-31,AT,3570.0,5.0,2222.0,60579.0,4277343.0,19905.0,4233263.0,187497861.0
2022-06-01,AT,3178.0,3.0,2103.0,249045.0,4280521.0,19908.0,4235366.0,187746906.0
2022-06-02,AT,3244.0,5.0,2162.0,153663.0,4283765.0,19913.0,4237528.0,187900569.0
2022-06-03,AT,2691.0,1.0,2843.0,144207.0,4286456.0,19914.0,4240371.0,188044776.0
2022-06-04,AT,2376.0,3.0,2457.0,62425.0,4288832.0,19917.0,4242828.0,188107201.0
2022-06-05,AT,2074.0,3.0,2076.0,41704.0,4290906.0,19920.0,4244904.0,188148905.0
2022-06-06,AT,2375.0,3.0,1860.0,20822.0,4293281.0,19923.0,4246764.0,188169727.0
2022-06-07,AT,3705.0,2.0,2315.0,42506.0,4296986.0,19925.0,4249079.0,188212233.0
2022-06-08,AT,5187.0,3.0,2387.0,102963.0,4302173.0,19928.0,4251466.0,188315196.0
2022-06-09,AT,4271.0,5.0,2360.0,236970.0,4306444.0,19933.0,4253826.0,188552166.0
2022-06-10,AT,4012.0,2.0,3194.0,83820.0,4310456.0,19935.0,4257020.0,188635986.0
2022-06-11,AT,3040.0,4.0,2911.0,56968.0,4313496.0,19939.0,4259931.0,188692954.0
2022-06-12,AT,2846.0,4.0,3019.0,32206.0,4316342.0,19943.0,4262950.0,188725160.0
2022-06-13,AT,4794.0,6.0,2964.0,67452.0,4321136.0,19949.0,4265914.0,188792612.0
2022-06-14,AT,6965.0,2.0,3064.0,111642.0,4328101.0,19951.0,4268978.0,188904254.0
2022-06-15,AT,7249.0,3.0,2825.0,194813.0,4335350.0,19954.0,4271803.0,189099067.0
2022-06-16,AT,4814.0,3.0,3136.0,89198.0,4340164.0,19957.0,4274939.0,189188265.0
2022-06-17,AT,5743.0,6.0,3333.0,61109.0,4345907.0,19963.0,4278272.0,189249374.0
2022-06-18,AT,6127.0,2.0,4925.0,58719.0,4352034.0,19965.0,4283197.0,189308093.0
2022-06-19,AT,5147.0,5.0,4241.0,51137.0,4357181.0,19970.0,4287438.0,189359230.0
2022-06-20,AT,8386.0,5.0,4009.0,53852.0,4365567.0,19975.0,4291447.0,189413082.0
2022-06-21,AT,10999.0,3.0,3679.0,174987.0,4376566.0,19978.0,4295126.0,189588069.0
2022-06-22,AT,9609.0,7.0,4159.0,105991.0,4386175.0,19985.0,4299285.0,189694060.0
2022-06-23,AT,8979.0,2.0,4860.0,97659.0,4395154.0,19987.0,4304145.0,189791719.0
2022-06-24,AT,8837.0,8.0,6770.0,102632.0,4403991.0,19995.0,4310915.0,189894351.0
2022-06-25,AT,7001.0,4.0,7077.0,90363.0,4410992.0,19999.0,4317992.0,189984714.0
2022-06-26,AT,6452.0,6.0,5783.0,63784.0,4417444.0,20005.0,4323775.0,190048498.0
2022-06-27,AT,9656.0,12.0,5779.0,60225.0,4427100.0,20017.0,4329554.0,190108723.0
2022-06-28,AT,12452.0,5.0,7393.0,117247.0,4439552.0,20022.0,4336947.0,190225970.0
2022-06-29,AT,12701.0,6.0,7062.0,169474.0,4452253.0,20028.0,4344009.0,190395444.0
2022-06-30,AT,10368.0,6.0,7462.0,121558.0,4462621.0,20034.0,4351471.0,190517002.0
2022-07-01,AT,10026.0,9.0,10011.0,93198.0,4472647.0,20043.0,4361482.0,190610200.0
2022-07-02,AT,8356.0,4.0,8794.0,91671.0,4481003.0,20047.0,4370276.0,190701871.0
2022-07-03,AT,7809.0,5.0,7999.0,67252.0,4488812.0,20052.0,4378275.0,190769123.0
2022-07-04,AT,10968.0,9.0,9557.0,64219.0,4499780.0,20061.0,4387832.0,190833342.0
2022-07-05,AT,13252.0,6.0,8523.0,136881.0,4513032.0,20067.0,4396355.0,190970223.0
2022-07-06,AT,12261.0,9.0,8410.0,112025.0,4525293.0,20076.0,4404765.0,191082248.0
2022-07-07,AT,11103.0,15.0,9264.0,82194.0,4536396.0,20091.0,4414029.0,191164442.0
2022-07-08,AT,10515.0,8.0,11823.0,104319.0,4546911.0,20099.0,4425852.0,191268761.0
2022-07-09,AT,8375.0,11.0,12063.0,103330.0,4555286.0,20110.0,4437915.0,191372091.0
2022-07-10,AT,7336.0,7.0,9565.0,56400.0,4562622.0,20117.0,4447480.0,191428491.0
2022-07-11,AT,11641.0,8.0,9823.0,64501.0,4574263.0,20125.0,4457303.0,191492992.0
2022-07-12,AT,14959.0,6.0,10165.0,109410.0,4589222.0,20131.0,4467468.0,191602402.0
2022-07-13,AT,13004.0,7.0,9724.0,121306.0,4602226.0,20138.0,4477192.0,191723708.0
2022-07-14,AT,13103.0,4.0,11206.0,181825.0,4615329.0,20142.0,4488398.0,191905533.0
2022-07-15,AT,12179.0,9.0,12193.0,154583.0,4627508.0,20151.0,4500591.0,192060116.0
2022-07-16,AT,10273.0,9.0,11223.0,115059.0,4637781.0,20160.0,4511814.0,192175175.0
2022-07-17,AT,8289.0,13.0,10310.0,65940.0,4646070.0,20173.0,4522124.0,192241115.0
2022-07-18,AT,13120.0,14.0,10572.0,57618.0,4659190.0,20187.0,4532696.0,192298733.0
2022-07-19,AT,15007.0,9.0,10094.0,120070.0,4674197.0,20196.0,4542790.0,192418803.0
2022-07-20,AT,13508.0,11.0,10515.0,114363.0,4687705.0,20207.0,4553305.0,192533166.0
2022-07-21,AT,11512.0,14.0,11859.0,101279.0,4699217.0,20221.0,4565164.0,192634445.0
2022-07-22,AT,10881.0,14.0,13426.0,118794.0,4710098.0,20235.0,4578590.0,192753239.0
2022-07-23,AT,8509.0,11.0,12527.0,79854.0,4718607.0,20246.0,4591117.0,192833093.0
2022-07-24,AT,7249.0,17.0,11559.0,62118.0,4725856.0,20263.0,4602676.0,192895211.0
2022-07-25,AT,10037.0,16.0,11108.0,51831.0,4735893.0,20279.0,4613784.0,192947042.0
2022-07-26,AT,11439.0,9.0,11342.0,103369.0,4747332.0,20288.0,4625126.0,193050411.0
2022-07-27,AT,9019.0,15.0,10713.0,112533.0,4756351.0,20303.0,4635839.0,193162944.0
2022-07-28,AT,7438.0,14.0,11553.0,82625.0,4763789.0,20317.0,4647392.0,193245569.0
2022-07-29,AT,6699.0,19.0,12947.0,81801.0,4770488.0,20336.0,4660339.0,193327370.0
2022-07-30,AT,5676.0,13.0,11964.0,66798.0,4776164.0,20349.0,4672303.0,193394168.0
2022-07-31,AT,4314.0,12.0,10062.0,49863.0,4780478.0,20361.0,4682365.0,193444031.0
2022-08-01,AT,7549.0,7.0,10037.0,51665.0,4788027.0,20368.0,4692402.0,193495696.0
2022-08-02,AT,8454.0,7.0,9159.0,102330.0,4796481.0,20375.0,4701561.0,193598026.0
2022-08-03,AT,6836.0,11.0,7662.0,73563.0,4803317.0,20386.0,4709223.0,193671589.0
2022-08-04,AT,5860.0,12.0,8039.0,94148.0,4809177.0,20398.0,4717262.0,193765737.0
2022-08-05,AT,5628.0,8.0,9692.0,65210.0,4814805.0,20406.0,4726954.0,193830947.0
2022-08-06,AT,4686.0,8.0,7667.0,61391.0,4819491.0,20414.0,4734621.0,193892338.0
2022-08-07,AT,3801.0,11.0,6392.0,43269.0,4823292.0,20425.0,4741013.0,193935607.0
2022-08-08,AT,6311.0,15.0,6714.0,15674.0,4829603.0,20440.0,4747727.0,193951281.0
2022-08-09,AT,7184.0,13.0,6412.0,116527.0,4836787.0,20453.0,4754139.0,194067808.0
2022-08-10,AT,5932.0,9.0,5109.0,90368.0,4842719.0,20462.0,4759248.0,194158176.0
2022-08-11,AT,5881.0,10.0,6514.0,74203.0,4848600.0,20472.0,4765762.0,194232379.0
2022-08-12,AT,5472.0,8.0,8109.0,66371.0,4854072.0,20480.0,4773871.0,194298750.0
2022-08-13,AT,4756.0,2.0,6278.0,58477.0,4858828.0,20482.0,4780149.0,194357227.0
2022-08-14,AT,3061.0,6.0,5568.0,41394.0,4861889.0,20488.0,4785717.0,194398621.0
2022-08-15,AT,3931.0,4.0,5354.0,31282.0,4865820.0,20492.0,4791071.0,194429903.0
2022-08-16,AT,6698.0,11.0,6379.0,43807.0,4872518.0,20503.0,4797450.0,194473710.0
2022-08-17,AT,7755.0,7.0,4979.0,100147.0,4880273.0,20510.0,4802429.0,194573857.0
2022-08-18,AT,5826.0,11.0,5266.0,80550.0,4886099.0,20521.0,4807695.0,194654407.0
2022-08-19,AT,5572.0,13.0,7051.0,62884.0,4891671.0,20534.0,4814746.0,194717291.0
2022-08-20,AT,4707.0,6.0,5349.0,54522.0,4896378.0,20540.0,4820095.0,194771813.0
2022-08-21,AT,3129.0,5.0,4894.0,46519.0,4899507.0,20545.0,4824989.0,194818332.0
2022-08-22,AT,5504.0,13.0,6672.0,38639.0,4905011.0,20558.0,4831661.0,194856971.0
2022-08-23,AT,5915.0,6.0,5451.0,83301.0,4910926.0,20564.0,4837112.0,194940272.0
2022-08-24,AT,5440.0,6.0,4084.0,107036.0,4916366.0,20570.0,4841196.0,195047308.0
2022-08-25,AT,5057.0,7.0,4333.0,78059.0,4921423.0,20577.0,4845529.0,195125367.0
2022-08-26,AT,5050.0,8.0,5450.0,61821.0,4926473.0,20585.0,4850979.0,195187188.0
2022-08-27,AT,3941.0,2.0,6941.0,57372.0,4930414.0,20587.0,4857920.0,195244560.0
2022-08-28,AT,2755.0,7.0,4839.0,41736.0,4933169.0,20594.0,4862759.0,195286296.0
2022-08-29,AT,4997.0,10.0,6003.0,36664.0,4938166.0,20604.0,4868762.0,195322960.0
2022-08-30,AT,5567.0,2.0,5210.0,87221.0,4943733.0,20606.0,4873972.0,195410181.0
2022-08-31,AT,4772.0,7.0,4174.0,86045.0,4948505.0,20613.0,4878146.0,195496226.0
2022-09-01,AT,4153.0,1.0,4747.0,71689.0,4952658.0,20614.0,4882893.0,195567915.0
2022-09-02,AT,3942.0,2.0,6205.0,66957.0,4956600.0,20616.0,4889098.0,195634872.0
2022-09-03,AT,3363.0,8.0,4467.0,56739.0,4959963.0,20624.0,4893565.0,195691611.0
2022-09-04,AT,2818.0,6.0,4475.0,50485.0,4962781.0,20630.0,4898040.0,195742096.0
2022-09-05,AT,4567.0,8.0,5560.0,90522.0,4967348.0,20638.0,4903600.0,195832618.0
2022-09-06,AT,5305.0,12.0,4436.0,133632.0,4972653.0,20650.0,4908036.0,195966250.0
2022-09-07,AT,4443.0,1.0,3569.0,83128.0,4977096.0,20651.0,4911605.0,196049378.0
2022-09-08,AT,4279.0,2.0,4005.0,76837.0,4981375.0,20653.0,4915610.0,196126215.0
2022-09-09,AT,4135.0,3.0,5390.0,26128.0,4985510.0,20656.0,4921000.0,196152343.0
2022-09-10,AT,3394.0,3.0,3948.0,106595.0,4988904.0,20659.0,4924948.0,196258938.0
2022-09-11,AT,2777.0,3.0,3426.0,46661.0,4991681.0,20662.0,4928374.0,196305599.0
2022-09-12,AT,5143.0,1.0,4402.0,40319.0,4996824.0,20663.0,4932776.0,196345918.0
2022-09-13,AT,6177.0,1.0,3558.0,105278.0,5003001.0,20664.0,4936334.0,196451196.0
2022-09-14,AT,5514.0,0.0,2347.0,78130.0,5008515.0,20664.0,4938681.0,196529326.0
2022-09-15,AT,,,,67392.0,,,,196596718.0
